subject,fold,modality,n_train,n_test,n_features,parameters,accuracy,balanced_accuracy,macro_f1,mcc,fit_seconds,predict_seconds_per_sample
1,1,EEG-only,1206,617,310,1555,0.6823338735818476,0.7242011019283747,0.6968679050567597,0.6298567645248437,0.07849419675767422,9.015392711328726e-07
1,1,Eye-only,1206,617,33,170,0.5964343598055105,0.5960294754732072,0.5789721938992198,0.5033362181809973,0.025174126029014587,1.974470273408936e-07
1,1,EEG+Eye,1206,617,343,1720,0.7277147487844409,0.7561293377321603,0.7566655495774269,0.6741763081045826,0.019067037850618362,9.373325486237264e-07
1,2,EEG-only,1221,602,310,1555,0.7358803986710963,0.7707918296392873,0.7248008990340676,0.698294547241834,0.32623274251818657,2.264589430188816e-06
1,2,Eye-only,1221,602,33,170,0.6694352159468439,0.6803076923076923,0.6622029803031088,0.5982786955637498,0.053432831540703773,2.1538799288264938e-07
1,2,EEG+Eye,1221,602,343,1720,0.7209302325581395,0.7511403737505432,0.7177575936534184,0.6808414051719228,0.03538834676146507,1.257262579428397e-06
1,3,EEG-only,1219,604,310,1555,0.8360927152317881,0.809551282051282,0.811726918584909,0.8130318394671265,0.034757908433675766,1.1800390526356287e-06
1,3,Eye-only,1219,604,33,170,0.4503311258278146,0.41629141027450495,0.44187559898825146,0.31395638656227043,0.04508337005972862,2.1198073661090522e-07
1,3,EEG+Eye,1219,604,343,1720,0.8874172185430463,0.8746794871794872,0.879772478161225,0.8644777866552524,0.03675493597984314,2.2236973244622843e-06
2,1,EEG-only,1206,617,310,1555,0.713128038897893,0.7256198347107439,0.7017303620009316,0.6660101808472079,0.04274245724081993,1.9659543322396238e-06
2,1,Eye-only,1206,617,33,170,0.5640194489465153,0.5366675830889541,0.5289703498826157,0.4634510472692347,0.03249136544764042,2.0935256003947078e-07
2,1,EEG+Eye,1206,617,343,1720,0.9497568881685575,0.9436363636363637,0.9455929797393212,0.9394931918190369,0.026182912290096283,1.206276772281146e-06
2,2,EEG-only,1221,602,310,1555,0.7574750830564784,0.7461361631792307,0.7461413313406989,0.705710790790899,0.009104816243052483,1.006158520513991e-06
2,2,Eye-only,1221,602,33,170,0.5863787375415282,0.5886219676405839,0.5910395109511825,0.49639890469432313,0.00811556726694107,1.928110009808081e-07
2,2,EEG+Eye,1221,602,343,1720,0.7956810631229236,0.7772747985551542,0.781842367718397,0.7560038235151961,0.009318575263023376,1.088600061165534e-06
2,3,EEG-only,1219,604,310,1555,0.6026490066225165,0.5716469584983472,0.5753970941123286,0.5042712485874044,0.014686573296785355,9.53026707993438e-07
2,3,Eye-only,1219,604,33,170,0.6192052980132451,0.586636999364272,0.5459129468135401,0.5475290597480098,0.011901350691914558,2.2468712205523687e-07
2,3,EEG+Eye,1219,604,343,1720,0.6490066225165563,0.6179279502338845,0.6086629511481403,0.560206502901844,0.013436641544103622,1.2061608005438418e-06
3,1,EEG-only,1206,617,310,1555,0.7163695299837926,0.7165005165289255,0.7183945608783829,0.6588647197306763,0.016781112179160118,1.958781789921864e-06
3,1,Eye-only,1206,617,33,170,0.49108589951377635,0.46701193570603394,0.49446480619390665,0.3578408195371834,0.01246815174818039,2.2000435443905995e-07
3,1,EEG+Eye,1206,617,343,1720,0.7633711507293355,0.7515185950413222,0.7539145981303093,0.7203070287266053,0.014892704784870148,2.0652532432608707e-06
3,2,EEG-only,1221,602,310,1555,0.39867109634551495,0.4026398915034857,0.3632241267523509,0.25006913269657227,0.016841361299157143,1.6966200374883672e-06
3,2,Eye-only,1221,602,33,170,0.3953488372093023,0.4251481596040829,0.4126379059473356,0.2641805986999835,0.015498731285333633,2.0029283193654792e-07
3,2,EEG+Eye,1221,602,343,1720,0.4435215946843854,0.44840260336789245,0.433931918022994,0.3047780976293706,0.016565246507525444,1.722901589252624e-06
3,3,EEG-only,1219,604,310,1555,0.5198675496688742,0.5301455036826781,0.5056690568870088,0.4027949050014032,0.01205550879240036,1.7540769910575537e-06
3,3,Eye-only,1219,604,33,170,0.5231788079470199,0.5567797888386123,0.49430168251242623,0.42466438304668563,0.01713508367538452,2.3949268391195514e-07
3,3,EEG+Eye,1219,604,343,1720,0.6556291390728477,0.6674005101907465,0.6348325957536484,0.5846917004992555,0.023997584357857704,1.2234430020021287e-06
4,1,EEG-only,1206,617,310,1555,0.766612641815235,0.797047898338221,0.7675740984949625,0.7185823037904845,0.05457492731511593,1.5862255902112591e-06
4,1,Eye-only,1206,617,33,170,0.586709886547812,0.6026815071536479,0.579988671101023,0.5004548149146866,0.03800457529723644,2.3430657106628294e-07
4,1,EEG+Eye,1206,617,343,1720,0.826580226904376,0.8478054740957968,0.8333199261088812,0.7881476079869981,0.038688624277710915,2.6502720468241354e-06
4,2,EEG-only,1221,602,310,1555,0.6561461794019934,0.6467639172468082,0.6267732137461636,0.6009254111095543,0.054999301210045815,2.075835715892703e-06
4,2,Eye-only,1221,602,33,170,0.5664451827242525,0.5608225587578552,0.5838348946127281,0.4589990621752317,0.0815689992159605,2.4400001694989755e-07
4,2,EEG+Eye,1221,602,343,1720,0.7541528239202658,0.7467639172468081,0.7380787548336294,0.6957263734617667,0.054490962997078896,1.247255967007919e-06
4,3,EEG-only,1219,604,310,1555,0.7218543046357616,0.7437049335863377,0.7331347307663098,0.6960550304796108,0.03094405308365822,1.205799373372501e-06
4,3,Eye-only,1219,604,33,170,0.6374172185430463,0.6014516129032258,0.5651557346331526,0.5471881754672496,0.03969222120940685,2.113408378220552e-07
4,3,EEG+Eye,1219,604,343,1720,0.7715231788079471,0.7824146110056927,0.7864952153110047,0.7507878843827582,0.031355611979961395,1.2921064549329265e-06
5,1,EEG-only,1206,617,310,1555,0.5186385737439222,0.5480547687283391,0.5327736130613916,0.3961375783606883,0.022483572363853455,1.1412130979703348e-06
5,1,Eye-only,1206,617,33,170,0.24149108589951376,0.2378943392873012,0.2312656944937836,0.06049426427065027,0.013259530067443848,2.0198409281055199e-07
5,1,EEG+Eye,1206,617,343,1720,0.6239870340356564,0.6664409768506177,0.6413074093714237,0.5493544085778388,0.02016795612871647,1.3573258221632463e-06
5,2,EEG-only,1221,602,310,1555,0.6528239202657807,0.6992212081703607,0.6384457281576735,0.605744791111803,0.023031868040561676,1.1891169950019483e-06
5,2,Eye-only,1221,602,33,170,0.19269102990033224,0.18773924380704043,0.17463020964726733,-0.021715015112552555,0.021350320428609848,2.0774434076195143e-07
5,2,EEG+Eye,1221,602,343,1720,0.6013289036544851,0.6295683131354151,0.6194542515849846,0.5075661903596677,0.034675855189561844,1.2340899742520925e-06
5,3,EEG-only,1219,604,310,1555,0.4420529801324503,0.4406810320666626,0.4276889818478805,0.30191638177315167,0.18491851910948753,1.1771997523228852e-06
5,3,Eye-only,1219,604,33,170,0.7168874172185431,0.7138398377828256,0.7008520974543044,0.6553728498412502,0.08714065700769424,2.3320810684305152e-07
5,3,EEG+Eye,1219,604,343,1720,0.4718543046357616,0.4639068385182755,0.4450819592408579,0.3407528444218451,0.24343772418797016,1.2359979704318457e-06
6,1,EEG-only,1206,617,310,1555,0.7520259319286872,0.7311827956989247,0.6633304473304473,0.718147625727579,0.029815899208188057,1.1451086527524544e-06
6,1,Eye-only,1206,617,33,170,0.6353322528363047,0.6256637952101662,0.6351059656164852,0.5694153003566371,0.010798243805766106,2.113419978892977e-07
6,1,EEG+Eye,1206,617,343,1720,0.7747163695299838,0.7807695725584288,0.7676301963571499,0.7248679799829892,0.06208784505724907,1.755581392847738e-06
6,2,EEG-only,1221,602,310,1555,0.6013289036544851,0.5994176087455353,0.5752148947037091,0.5133313762711157,0.13697154633700848,3.066703838070366e-06
6,2,Eye-only,1221,602,33,170,0.24916943521594684,0.27322545570834667,0.2636856728970293,0.07725391775294951,0.017687123268842697,2.0733653904987726e-07
6,2,EEG+Eye,1221,602,343,1720,0.5514950166112956,0.5703591015243308,0.5571064651007316,0.4701305138932029,0.11969658359885216,1.261380510373765e-06
6,3,EEG-only,1219,604,310,1555,0.5860927152317881,0.585706901487909,0.6079083010536779,0.478863945002807,0.23032528720796108,1.1168148936025354e-06
6,3,Eye-only,1219,604,33,170,0.4768211920529801,0.4287635715443202,0.376833613104803,0.34023966289419355,0.018321454524993896,2.021333881166597e-07
6,3,EEG+Eye,1219,604,343,1720,0.7268211920529801,0.7241673954818685,0.7389690752942976,0.659949030686412,0.07997409626841545,1.2536403655216395e-06
7,1,EEG-only,1206,617,310,1555,0.6045380875202593,0.6254881198347106,0.6082677217218878,0.5093524690623898,0.018016615882515907,1.1199004525496854e-06
7,1,Eye-only,1206,617,33,170,0.5526742301458671,0.5598133830978406,0.5265141303778639,0.45019673292933626,0.00982837937772274,2.0431073886648764e-07
7,1,EEG+Eye,1206,617,343,1720,0.6564019448946515,0.6397582866791078,0.6528191581952898,0.5671936885849691,0.022339915856719017,1.224551524972993e-06
7,2,EEG-only,1221,602,310,1555,0.7093023255813954,0.7056792658499316,0.7152204510840974,0.6439536891595482,0.02271774224936962,1.1395919832874376e-06
7,2,Eye-only,1221,602,33,170,0.6112956810631229,0.6272585119798235,0.6205017781831202,0.5183723158690028,0.030249211937189102,2.2858709245425127e-07
7,2,EEG+Eye,1221,602,343,1720,0.6627906976744186,0.6566866211425444,0.6667744042157125,0.5878666509955468,0.01956227794289589,1.168408527029709e-06
7,3,EEG-only,1219,604,310,1555,0.6556291390728477,0.6311022812217396,0.6057212548450708,0.5698373168118142,0.011061564087867737,1.1037634253896626e-06
7,3,Eye-only,1219,604,33,170,0.4470198675496689,0.42512870072254233,0.4204579230678762,0.30200463358630975,0.009386109188199043,2.1042863511486557e-07
7,3,EEG+Eye,1219,604,343,1720,0.6026490066225165,0.5870072585973052,0.578495238000309,0.5109239551965444,0.010613778606057167,1.2465820505919047e-06
8,1,EEG-only,1206,617,310,1555,0.6012965964343598,0.6394361225895316,0.6296562802190501,0.5070312987685738,0.020722847431898117,1.1020649459991887e-06
8,1,Eye-only,1206,617,33,170,0.5186385737439222,0.5118612814360615,0.4996403930632713,0.4016696074860926,0.010285722091794014,2.057431944958395e-07
8,1,EEG+Eye,1206,617,343,1720,0.7649918962722853,0.8084986225895318,0.7866853434631211,0.7264177069286565,0.030746623873710632,1.2155643375997992e-06
8,2,EEG-only,1221,602,310,1555,0.8338870431893688,0.8305084745762713,0.7835419625458269,0.8143466921271372,0.05388755537569523,2.2664876574297683e-06
8,2,Eye-only,1221,602,33,170,0.4983388704318937,0.4578907899616797,0.43327203436067074,0.37846714430864264,0.019705595448613167,2.0068609140244038e-07
8,2,EEG+Eye,1221,602,343,1720,0.8338870431893688,0.8305084745762713,0.7839756592292089,0.8125626943845035,0.18368921242654324,2.015222086759897e-06
8,3,EEG-only,1219,604,310,1555,0.6970198675496688,0.6763583175205568,0.6622738561235428,0.6265362189325265,0.21926681697368622,1.8833593668921894e-06
8,3,Eye-only,1219,604,33,170,0.5943708609271523,0.6011615092687198,0.5644530788587889,0.5222143079423149,0.012384168803691864,2.0723685079457744e-07
8,3,EEG+Eye,1219,604,343,1720,0.7433774834437086,0.7312602783048704,0.7168867070817821,0.6865207128231704,0.031015316024422646,1.1702635578367094e-06
9,1,EEG-only,1206,617,310,1555,0.8233387358184765,0.831015701368524,0.829643076980801,0.7941982493928375,0.013770151883363724,1.832192863309016e-06
9,1,Eye-only,1206,617,33,170,0.3160453808752026,0.32442326490713586,0.3243168251492336,0.17700651953798247,0.03738068416714668,2.0513066499700808e-07
9,1,EEG+Eye,1206,617,343,1720,0.8022690437601296,0.8152581256109481,0.8138980967756628,0.7718464804066292,0.061027172952890396,2.9768218170108825e-06
9,2,EEG-only,1221,602,310,1555,0.9518272425249169,0.9448852459016394,0.9467309007592515,0.9409598606243249,0.16279314830899239,2.5253192184375372e-06
9,2,Eye-only,1221,602,33,170,0.6910299003322259,0.6800469361147328,0.6617537826448018,0.6269363139281922,0.01996091566979885,2.0251810501184178e-07
9,2,EEG+Eye,1221,602,343,1720,0.8255813953488372,0.8053937204779107,0.8039104525887601,0.794031191702139,0.04887532815337181,1.2554782148809529e-06
9,3,EEG-only,1219,604,310,1555,0.8543046357615894,0.8314107861835135,0.8293355605471497,0.8218383436947854,0.1703336164355278,1.8481199093014989e-06
9,3,Eye-only,1219,604,33,170,0.597682119205298,0.553740947109931,0.5217247028380478,0.5167426109994322,0.012254836037755013,2.1051128228373874e-07
9,3,EEG+Eye,1219,604,343,1720,0.8145695364238411,0.7753846153846153,0.7057154689513089,0.78542091743371,0.03095983900129795,2.088592948996468e-06
10,1,EEG-only,1206,617,310,1555,0.3857374392220421,0.43800778125833106,0.40486015163753813,0.2660533725228273,0.3990188483148813,2.315474713351004e-06
10,1,Eye-only,1206,617,33,170,0.3581847649918963,0.398435972629521,0.3394928827736983,0.22010009250183127,0.053611697629094124,2.055744394490939e-07
10,1,EEG+Eye,1206,617,343,1720,0.31442463533225284,0.34761033168932726,0.34919317736302213,0.16028694217085684,0.39410512894392014,2.826724316158016e-06
10,2,EEG-only,1221,602,310,1555,0.3521594684385382,0.3881570876606185,0.3197532431059627,0.20217007101296053,0.17974654957652092,1.0121978844123028e-06
10,2,Eye-only,1221,602,33,170,0.3754152823920266,0.4081874734596088,0.4121655958577978,0.2199040911337706,0.015545682981610298,1.991647249242396e-07
10,2,EEG+Eye,1221,602,343,1720,0.4634551495016611,0.5170665855819488,0.48337108680859603,0.334418288390683,0.02887795679271221,1.0942266727998803e-06
10,3,EEG-only,1219,604,310,1555,0.326158940397351,0.3522285067873303,0.29820684221063987,0.1694219881150083,0.02983815222978592,1.0632108033492867e-06
10,3,Eye-only,1219,604,33,170,0.4056291390728477,0.4107498784637822,0.3643538321125524,0.26905074705007914,0.013587499037384987,6.936188318476772e-07
10,3,EEG+Eye,1219,604,343,1720,0.3195364238410596,0.31367366389576146,0.3092400393553657,0.1430206717979631,0.08143824711441994,1.1618279956823944e-06
11,1,EEG-only,1206,617,310,1555,0.6045380875202593,0.6319696969696971,0.5504256274267519,0.5514198300779064,0.18311154656112194,2.1028367129291864e-06
11,1,Eye-only,1206,617,33,170,0.406807131280389,0.4472278225806452,0.33278514270246495,0.3145181015565251,0.02281123585999012,2.0791587798676575e-07
11,1,EEG+Eye,1206,617,343,1720,0.5915721231766613,0.6222727272727273,0.5048034674306405,0.5404217164064029,0.2708671987056732,1.835962832940069e-06
11,2,EEG-only,1221,602,310,1555,0.6960132890365448,0.7245173731938924,0.7177069714925025,0.6254305132190112,0.07874398864805698,1.701214768462799e-06
11,2,Eye-only,1221,602,33,170,0.6362126245847176,0.6359384871866116,0.6146878766648843,0.5558104314226666,0.014511149376630783,2.0964318682189002e-07
11,2,EEG+Eye,1221,602,343,1720,0.8372093023255814,0.8563596725586166,0.8544039879004522,0.8014072582229227,0.036280663684010506,1.9955325042488565e-06
11,3,EEG-only,1219,604,310,1555,0.8278145695364238,0.7896774193548387,0.7241418176293433,0.7974418782550589,0.08301151357591152,2.977647047662577e-06
11,3,Eye-only,1219,604,33,170,0.5629139072847682,0.5148387096774194,0.4234589074491673,0.4855934442541789,0.11555143631994724,1.9910412266949156e-07
11,3,EEG+Eye,1219,604,343,1720,0.7764900662251656,0.7496774193548388,0.6872403634309203,0.7360830721055961,0.3245475869625807,1.4795924826765693e-06
12,1,EEG-only,1206,617,310,1555,0.653160453808752,0.6541691104594329,0.6232095968443349,0.5769272611299766,0.03927235305309296,1.1796820033311458e-06
12,1,Eye-only,1206,617,33,170,0.42301458670988656,0.4093130720696704,0.3724613356128822,0.2819640131538853,0.042678914964199066,2.2382443737558646e-07
12,1,EEG+Eye,1206,617,343,1720,0.7115072933549432,0.7060148404869813,0.6856491634092075,0.6631836522094405,0.06577596813440323,2.7726831539523466e-06
12,2,EEG-only,1221,602,310,1555,0.7059800664451827,0.6821459839473228,0.6361025865756759,0.666754267445469,0.12577775493264198,1.2106484922261729e-06
12,2,Eye-only,1221,602,33,170,0.7541528239202658,0.7467639172468081,0.7264864014329975,0.7224708422186928,0.012978270649909973,2.3227185010910032e-07
12,2,EEG+Eye,1221,602,343,1720,0.8239202657807309,0.8,0.730718954248366,0.8110772966201294,0.029549721628427505,1.2514277352051085e-06
12,3,EEG-only,1219,604,310,1555,0.7798013245033113,0.7842885557315434,0.7716695602583323,0.7344311392427558,0.13626046106219292,1.5763627574933287e-06
12,3,Eye-only,1219,604,33,170,0.5513245033112583,0.5419651752996586,0.4897024779373762,0.46185337608796645,0.041081635281443596,4.266175928692154e-07
12,3,EEG+Eye,1219,604,343,1720,0.7731788079470199,0.7802463234540171,0.7647600596713009,0.7220719144319593,0.12457592599093914,1.905997906694349e-06
13,1,EEG-only,1206,617,310,1555,0.6094003241491086,0.643108504398827,0.6012174315010015,0.5348674346014808,0.03944569639861584,1.609401182668522e-06
13,1,Eye-only,1206,617,33,170,0.5170178282009724,0.530606977028348,0.5146944244363232,0.4297020462233579,0.017244210466742516,2.0639738445343808e-07
13,1,EEG+Eye,1206,617,343,1720,0.6320907617504052,0.6790313694126011,0.6040162361148903,0.5827300892552147,0.034284135326743126,2.139139576321483e-06
13,2,EEG-only,1221,602,310,1555,0.6196013289036545,0.6204092888243832,0.6390331209070427,0.5276657758927453,0.07078334502875805,1.8876342975420017e-06
13,2,Eye-only,1221,602,33,170,0.5664451827242525,0.5692307692307692,0.5190062770937779,0.46477009995700186,0.008526701480150223,1.9996392964524684e-07
13,2,EEG+Eye,1221,602,343,1720,0.6877076411960132,0.689900814248112,0.6959293007505909,0.6082627575009654,0.019593756645917892,2.241092873273102e-06
13,3,EEG-only,1219,604,310,1555,0.7748344370860927,0.7424544550814605,0.7357101063184298,0.7230850411859511,0.022994469851255417,2.7057409459194597e-06
13,3,Eye-only,1219,604,33,170,0.5513245033112583,0.590708898944193,0.551897005319336,0.5060126041540166,0.01225816085934639,2.014330458759472e-07
13,3,EEG+Eye,1219,604,343,1720,0.8344370860927153,0.8258510963190109,0.8305426086462994,0.7947181249798322,0.04574253596365452,1.5924394821489095e-06
14,1,EEG-only,1206,617,310,1555,0.7487844408427877,0.7406663223140496,0.7163971205655144,0.703958008503593,0.09199493750929832,1.934963479227533e-06
14,1,Eye-only,1206,617,33,170,0.44246353322528365,0.4801937538878522,0.4313092579279495,0.3302881718661457,0.017677132040262222,2.0783285895661365e-07
14,1,EEG+Eye,1206,617,343,1720,0.8055105348460292,0.8234271694214875,0.8182403707171476,0.7584935131241708,0.09985123574733734,5.589248959693569e-06
14,2,EEG-only,1221,602,310,1555,0.34717607973421927,0.3785920093107625,0.28850486164056194,0.22160228602360788,0.28601914644241333,2.201013205158354e-06
14,2,Eye-only,1221,602,33,170,0.584717607973422,0.5592922191336007,0.5496186280490525,0.4908154393407544,0.010433260351419449,2.0855777831964718e-07
14,2,EEG+Eye,1221,602,343,1720,0.6013289036544851,0.6134204160619255,0.5897163430716728,0.5114580823166779,0.02141248993575573,1.3154659086089595e-06
14,3,EEG-only,1219,604,310,1555,0.5132450331125827,0.5338461538461539,0.443392073355558,0.4301363684049661,0.016975227743387222,1.2023454618375032e-06
14,3,Eye-only,1219,604,33,170,0.5099337748344371,0.47354838709677416,0.3717876002283729,0.4285305270422323,0.007917392998933792,2.028479160654624e-07
14,3,EEG+Eye,1219,604,343,1720,0.6225165562913907,0.6296774193548387,0.5422831974326228,0.564702279941108,0.061739666387438774,2.2623169895828955e-06
15,1,EEG-only,1206,617,310,1555,0.4035656401944895,0.4269403992268728,0.37306976076234993,0.26611889190898785,0.013958033174276352,1.2238451084982442e-06
15,1,Eye-only,1206,617,33,170,0.5542949756888168,0.5316959921798632,0.5082985017199487,0.4993477161135828,0.022785117849707603,2.0219631964035898e-07
15,1,EEG+Eye,1206,617,343,1720,0.5786061588330632,0.6038318948280459,0.5849375284857354,0.48402605577635727,0.02772071212530136,1.2282088906104213e-06
15,2,EEG-only,1221,602,310,1555,0.6794019933554817,0.6887692307692308,0.6587319872285198,0.6031180824185535,0.022659795358777046,1.0981509134024877e-06
15,2,Eye-only,1221,602,33,170,0.5448504983388704,0.5852254557083467,0.5378556462042966,0.4420577648772429,0.00893763080239296,2.0212670200290868e-07
15,2,EEG+Eye,1221,602,343,1720,0.7059800664451827,0.7233194263363755,0.7072812648551906,0.6635500321227343,0.021877991035580635,1.1613771962961088e-06
15,3,EEG-only,1219,604,310,1555,0.6241721854304636,0.6025087668929311,0.5692046537023513,0.5362183839635831,0.0163064356893301,1.1872793146908678e-06
15,3,Eye-only,1219,604,33,170,0.7251655629139073,0.7010589725092917,0.6866317767613375,0.6624364856413603,0.013256993144750595,2.0968511897996563e-07
15,3,EEG+Eye,1219,604,343,1720,0.6059602649006622,0.5536212565538079,0.5334169413159663,0.5033524339367615,0.03412763588130474,2.2560836044171e-06
16,1,EEG-only,1206,617,310,1555,0.7017828200972447,0.7112396694214876,0.6791113461159162,0.6429471469201982,0.13280109129846096,4.290321440325757e-06
16,1,Eye-only,1206,617,33,170,0.5559157212317666,0.5856980360792677,0.518552147163786,0.5005165599278997,0.052363162860274315,1.97148158832346e-07
16,1,EEG+Eye,1206,617,343,1720,0.7244732576985413,0.7282093663911846,0.6949054187765554,0.6698051732555466,0.09295394085347652,4.800925004134495e-06
16,2,EEG-only,1221,602,310,1555,0.8222591362126246,0.8039999999999999,0.7975375047621547,0.7821358054011309,0.17302542552351952,4.2240088960261045e-06
16,2,Eye-only,1221,602,33,170,0.4269102990033223,0.41936562849461084,0.41247337027594033,0.28172712840899494,0.06934990175068378,2.0343024419787711e-07
16,2,EEG+Eye,1221,602,343,1720,0.8372093023255814,0.8258418079096046,0.8224451000540011,0.7990275388857226,0.0474289208650589,2.0676085174677775e-06
16,3,EEG-only,1219,604,310,1555,0.7814569536423841,0.7905173391670719,0.7852626755666355,0.7288856287940461,0.015340680256485939,1.8061521086866493e-06
16,3,Eye-only,1219,604,33,170,0.4768211920529801,0.47573164501532617,0.4531644169820204,0.3651944155844046,0.018976271152496338,2.166074361430099e-07
16,3,EEG+Eye,1219,604,343,1720,0.8013245033112583,0.8121648998175651,0.7972630016281033,0.7561578499778958,0.045915309339761734,2.0184847125351824e-06
