subject,modality,n_samples,accuracy,balanced_accuracy,macro_f1,mcc
1,EEG-only,1823,0.7509599561162918,0.7708145240257093,0.7606757987597546,0.6903257888722804
1,Eye-only,1823,0.5721338453099287,0.5644442684740206,0.5540568132134146,0.4605162559038182
1,EEG+Eye,1823,0.7783872737246297,0.7939034372590663,0.7883538897333002,0.7288006614996784
2,EEG-only,1823,0.6911684037301152,0.6835218740249019,0.6791137559500544,0.6128770048386697
2,Eye-only,1823,0.589687328579265,0.5726436330083938,0.5656730613556181,0.4836472788346855
2,EEG+Eye,1823,0.7992320351069665,0.7824970770633851,0.7840221659661722,0.7493271456975468
3,EEG-only,1823,0.5463521667580911,0.5511031010876659,0.5394579666443298,0.43082424541563874
3,Eye-only,1823,0.4701042238069117,0.4847750193949075,0.4807793121316445,0.3349839235196082
3,EEG+Eye,1823,0.6220515633571037,0.6243653899202962,0.6214530074909301,0.5249156950303032
4,EEG-only,1823,0.7153044432254525,0.7295214150548375,0.7283299800163392,0.6421165351889754
4,Eye-only,1823,0.5968184311574328,0.5849641627759776,0.5851623700847827,0.4959477038327162
4,EEG+Eye,1823,0.7844212835984641,0.7922637145177653,0.7866240038973583,0.731048764423367
5,EEG-only,1823,0.5375754251234229,0.5635971698762517,0.5591974762379635,0.4262570352507069
5,Eye-only,1823,0.38288535381239713,0.37928404545759875,0.383996363673407,0.229057922047898
5,EEG+Eye,1823,0.5660998354360943,0.5861987514797862,0.5914791224188314,0.45599571296014885
6,EEG-only,1823,0.6472846955567746,0.6419519645576227,0.6367985373503785,0.5584686432241612
6,Eye-only,1823,0.4552934722984092,0.44292622958536176,0.45429994135367374,0.3153330072880488
6,EEG+Eye,1823,0.6851343938562808,0.6938720439727056,0.6827331910388437,0.6120474497064561
7,EEG-only,1823,0.6560614371914427,0.6559260301404237,0.6611761899792482,0.5689626297554619
7,Eye-only,1823,0.5370268787712562,0.5385758835595875,0.5340044284822701,0.4197126823944457
7,EEG+Eye,1823,0.6407021393307735,0.6315181160462394,0.6356580135262749,0.5475257309166762
8,EEG-only,1823,0.7098189797037849,0.7154251120254128,0.7153284164965529,0.6361990601760424
8,Eye-only,1823,0.5370268787712562,0.5245595098003438,0.5185030271268423,0.4165413212977053
8,EEG+Eye,1823,0.7805814591332968,0.7938506034225714,0.7905191892606819,0.7260025739763047
9,EEG-only,1823,0.8760285244103126,0.8705594350953978,0.8711590097976144,0.8440759082741272
9,Eye-only,1823,0.5331870543060888,0.522379491878463,0.5353464658678979,0.41980129714607606
9,EEG+Eye,1823,0.814042786615469,0.802670935463029,0.7977760671871439,0.7685551290200218
10,EEG-only,1823,0.35490948985189247,0.39132215870794895,0.35101942961442273,0.20639123456916883
10,Eye-only,1823,0.37959407569939657,0.40579528864896675,0.3901902534131548,0.2292947694646054
10,EEG+Eye,1823,0.3653318705430609,0.39255026184140035,0.38360496519969534,0.20821765717185006
11,EEG-only,1823,0.7087218869994515,0.7132949526255778,0.6915442087331031,0.6409784729606007
11,Eye-only,1823,0.5342841470104224,0.5300777941615259,0.4772080603602543,0.432796442080591
11,EEG+Eye,1823,0.7339550191991223,0.7406714210132945,0.7097378622065618,0.678977727814873
12,EEG-only,1823,0.7125617114646188,0.7020152077388235,0.6994742843939774,0.6431819359990624
12,Eye-only,1823,0.5748765770707625,0.5664193512095246,0.5579940750722053,0.47306774515994005
12,EEG+Eye,1823,0.7690619857377948,0.757854164291708,0.7594484539041864,0.7139036122902893
13,EEG-only,1823,0.6675809105869446,0.6689687709939965,0.6674405858695966,0.585135727007024
13,Eye-only,1823,0.5447065277015908,0.5603028651668712,0.5480006064807429,0.4399924174059999
13,EEG+Eye,1823,0.7174986286341196,0.727188440557234,0.7193016839806864,0.6495910126985589
14,EEG-only,1823,0.5381239714755897,0.5592260764368915,0.534231065372402,0.43818594127670213
14,Eye-only,1823,0.5117937465715853,0.5083247030044682,0.49270158599636893,0.39074119556231435
14,EEG+Eye,1823,0.6774547449259463,0.694176333431523,0.6620245064610706,0.6037986688700103
15,EEG-only,1823,0.5677454744925946,0.5753232538307013,0.5604153313768541,0.4610321334592031
15,Eye-only,1823,0.607789358200768,0.6110463967885513,0.6088110542329552,0.5138466775984081
15,EEG+Eye,1823,0.6297312122874383,0.6298584171895669,0.6244653514029299,0.5385464100381326
16,EEG-only,1823,0.7679648930334614,0.7668770678240908,0.7569201808672388,0.7115316022216732
16,Eye-only,1823,0.48710916072408117,0.48797283861484,0.4645312969744211,0.35876909935789036
16,EEG+Eye,1823,0.7871640153592978,0.7868843441224393,0.7740326255707191,0.7375235179299331
