subject,method,n_trials,accuracy,balanced_accuracy,macro_f1,mcc
1,segment_probability_reference,45,0.8,0.8,0.7973109243697479,0.7556180560419009
1,mean_logreg,45,0.7777777777777778,0.7777777777777778,0.7609022556390976,0.7294627262702545
1,meanstd_select_logreg,45,0.7555555555555555,0.7555555555555555,0.7392857142857143,0.7014064675675524
1,moments_select_logreg,45,0.7555555555555555,0.7555555555555555,0.7431746031746032,0.6996463481869453
1,mean_pca_svm,45,0.6222222222222222,0.6222222222222222,0.6074303405572755,0.5304035540742196
1,mean_shrinkage_lda,45,0.7777777777777778,0.7777777777777778,0.7749019607843136,0.7290038003196575
1,moments_extra_trees,45,0.6666666666666666,0.6666666666666666,0.6469108669108669,0.5902976600272343
1,nested_selector,45,0.7777777777777778,0.7777777777777778,0.7730994152046783,0.7249120722113896
2,segment_probability_reference,45,0.7333333333333333,0.7333333333333333,0.7269281045751633,0.6704015231539909
2,mean_logreg,45,0.7111111111111111,0.711111111111111,0.6954655870445344,0.6452939501621482
2,meanstd_select_logreg,45,0.6444444444444445,0.6444444444444445,0.6517460317460317,0.5597170785495562
2,moments_select_logreg,45,0.6666666666666666,0.6666666666666666,0.672635800731776,0.5880715138443896
2,mean_pca_svm,45,0.6222222222222222,0.6222222222222222,0.6243223254213965,0.5294143019465852
2,mean_shrinkage_lda,45,0.8,0.8,0.7802927103855897,0.763797541066215
2,moments_extra_trees,45,0.6,0.5999999999999999,0.6060144927536232,0.5088726821608882
2,nested_selector,45,0.7111111111111111,0.711111111111111,0.7011832903938167,0.6489825451805654
3,segment_probability_reference,45,0.5777777777777777,0.5777777777777777,0.5761111111111111,0.47457160101377543
3,mean_logreg,45,0.5777777777777777,0.5777777777777777,0.5808590102707749,0.4742760098290629
3,meanstd_select_logreg,45,0.6444444444444445,0.6444444444444444,0.6471288515406163,0.5579717762694857
3,moments_select_logreg,45,0.6222222222222222,0.6222222222222221,0.6237358101135191,0.528430564394357
3,mean_pca_svm,45,0.4888888888888889,0.48888888888888893,0.46313787616789365,0.3670500855552583
3,mean_shrinkage_lda,45,0.6222222222222222,0.6222222222222222,0.6111685864277061,0.5350945170079578
3,moments_extra_trees,45,0.5111111111111111,0.5111111111111111,0.5030065359477124,0.3910675551731614
3,nested_selector,45,0.5777777777777777,0.5777777777777777,0.5778851540616247,0.47695639794593564
4,segment_probability_reference,45,0.7777777777777778,0.7777777777777777,0.7764619883040935,0.7235633974205308
4,mean_logreg,45,0.7555555555555555,0.7555555555555554,0.747592510688486,0.6987712429686843
4,meanstd_select_logreg,45,0.6888888888888889,0.6888888888888889,0.6830684554523565,0.6130060338328881
4,moments_select_logreg,45,0.6888888888888889,0.6888888888888889,0.6861403508771929,0.6153033786757246
4,mean_pca_svm,45,0.6888888888888889,0.6888888888888889,0.665619664133596,0.6223535519798788
4,mean_shrinkage_lda,45,0.7111111111111111,0.711111111111111,0.701857585139319,0.6404722590715374
4,moments_extra_trees,45,0.6444444444444445,0.6444444444444444,0.6460207336523125,0.5607721540920443
4,nested_selector,45,0.6888888888888889,0.6888888888888889,0.6889164086687306,0.6149186938124421
5,segment_probability_reference,45,0.5555555555555556,0.5555555555555556,0.5657464740282078,0.44582257006028225
5,mean_logreg,45,0.5111111111111111,0.5111111111111111,0.5194014447884416,0.3908236714231092
5,meanstd_select_logreg,45,0.5333333333333333,0.5333333333333334,0.5334046345811052,0.42005108131742114
5,moments_select_logreg,45,0.5111111111111111,0.5111111111111111,0.4976257952573742,0.40068748260408177
5,mean_pca_svm,45,0.4222222222222222,0.4222222222222222,0.4123015873015873,0.2800340542116141
5,mean_shrinkage_lda,45,0.5555555555555556,0.5555555555555556,0.5618015627303553,0.4466556244835534
5,moments_extra_trees,45,0.4888888888888889,0.48888888888888893,0.4820927318295739,0.36381610105721157
5,nested_selector,45,0.4444444444444444,0.4444444444444445,0.4417366946778712,0.30688447694821713
6,segment_probability_reference,45,0.6888888888888889,0.6888888888888889,0.6854901960784313,0.6156887864045119
6,mean_logreg,45,0.7333333333333333,0.7333333333333334,0.7380467210807768,0.6725037594933305
6,meanstd_select_logreg,45,0.5111111111111111,0.5111111111111112,0.5053921568627452,0.39058024338864
6,moments_select_logreg,45,0.5777777777777777,0.5777777777777778,0.5696491228070175,0.47546170170396906
6,mean_pca_svm,45,0.5777777777777777,0.5777777777777777,0.5754578754578754,0.4778600104982373
6,mean_shrinkage_lda,45,0.7111111111111111,0.711111111111111,0.6906828465651996,0.6514770420579887
6,moments_extra_trees,45,0.4222222222222222,0.4222222222222222,0.41953904368765044,0.2781213496812405
6,nested_selector,45,0.6666666666666666,0.6666666666666666,0.6646062571759167,0.5895528046390377
7,segment_probability_reference,45,0.6222222222222222,0.6222222222222221,0.6235145573380867,0.5313983724926713
7,mean_logreg,45,0.7111111111111111,0.711111111111111,0.7114035087719299,0.6400753131027772
7,meanstd_select_logreg,45,0.7555555555555555,0.7555555555555555,0.7550051599587204,0.6953033742031013
7,moments_select_logreg,45,0.6888888888888889,0.6888888888888889,0.6899346405228759,0.612245951663526
7,mean_pca_svm,45,0.6444444444444445,0.6444444444444444,0.6550481061990013,0.562900329308047
7,mean_shrinkage_lda,45,0.7111111111111111,0.711111111111111,0.7131996658312447,0.642468126355908
7,moments_extra_trees,45,0.6444444444444445,0.6444444444444445,0.6522187822497421,0.556242699362481
7,nested_selector,45,0.5777777777777777,0.5777777777777777,0.5838345864661654,0.47486774556741024
8,segment_probability_reference,45,0.7777777777777778,0.7777777777777777,0.7801066391468868,0.7244616763479587
8,mean_logreg,45,0.7333333333333333,0.7333333333333332,0.7362698412698412,0.6720817301078739
8,meanstd_select_logreg,45,0.7111111111111111,0.711111111111111,0.7097523219814241,0.6404722590715374
8,moments_select_logreg,45,0.7111111111111111,0.711111111111111,0.708625730994152,0.6400753131027772
8,mean_pca_svm,45,0.6666666666666666,0.6666666666666666,0.671578947368421,0.58587036508296
8,mean_shrinkage_lda,45,0.7555555555555555,0.7555555555555555,0.7562573099415204,0.6974647203368571
8,moments_extra_trees,45,0.6222222222222222,0.6222222222222222,0.6199999999999999,0.5290857792330091
8,nested_selector,45,0.7555555555555555,0.7555555555555554,0.7592522974101922,0.6983349199520739
9,segment_probability_reference,45,0.7777777777777778,0.7777777777777778,0.7719887955182072,0.7276322021144231
9,mean_logreg,45,0.7777777777777778,0.7777777777777778,0.7691503267973856,0.7262683167501568
9,meanstd_select_logreg,45,0.8,0.7999999999999999,0.7995872033023735,0.7509276441393494
9,moments_select_logreg,45,0.8,0.7999999999999999,0.8009631922944616,0.7504633920738679
9,mean_pca_svm,45,0.7555555555555555,0.7555555555555556,0.7466666666666667,0.7009651926150553
9,mean_shrinkage_lda,45,0.8666666666666667,0.8666666666666666,0.8619802625994577,0.8422182923414824
9,moments_extra_trees,45,0.6888888888888889,0.6888888888888889,0.6742591773551526,0.6223535519798788
9,nested_selector,45,0.7777777777777778,0.7777777777777778,0.7691503267973856,0.7262683167501568
10,segment_probability_reference,45,0.37777777777777777,0.3777777777777778,0.3837522281639929,0.22459154462439532
10,mean_logreg,45,0.37777777777777777,0.37777777777777777,0.3646862253673399,0.22360679774997896
10,meanstd_select_logreg,45,0.4222222222222222,0.4222222222222222,0.4155555555555555,0.27915976530222086
10,moments_select_logreg,45,0.3333333333333333,0.3333333333333333,0.34282030834662414,0.16823164622761327
10,mean_pca_svm,45,0.3333333333333333,0.33333333333333337,0.32164368139600336,0.17194871343677573
10,mean_shrinkage_lda,45,0.37777777777777777,0.37777777777777777,0.38582633053221294,0.22374668315480895
10,moments_extra_trees,45,0.3111111111111111,0.3111111111111111,0.3143064182194617,0.14347925898962122
10,nested_selector,45,0.3333333333333333,0.3333333333333333,0.3273853081902618,0.16897721589724984
11,segment_probability_reference,45,0.7333333333333333,0.7333333333333333,0.7074333561175667,0.6806764747811278
11,mean_logreg,45,0.7111111111111111,0.711111111111111,0.6899062049062049,0.6469255430324637
11,meanstd_select_logreg,45,0.6888888888888889,0.6888888888888889,0.6700089126559716,0.6176267477170871
11,moments_select_logreg,45,0.6888888888888889,0.6888888888888889,0.6619556913674561,0.6199766360314756
11,mean_pca_svm,45,0.5777777777777777,0.5777777777777777,0.560392156862745,0.47486774556741024
11,mean_shrinkage_lda,45,0.6666666666666666,0.6666666666666666,0.6416583416583417,0.593305565668209
11,moments_extra_trees,45,0.4888888888888889,0.48888888888888893,0.4511098602120274,0.3677543716244739
11,nested_selector,45,0.7111111111111111,0.711111111111111,0.687649558679307,0.6493963052131494
12,segment_probability_reference,45,0.7333333333333333,0.7333333333333332,0.7276190476190475,0.6754803951696564
12,mean_logreg,45,0.7777777777777778,0.7777777777777777,0.7776298589611284,0.7244616763479587
12,meanstd_select_logreg,45,0.7777777777777778,0.7777777777777777,0.7766666666666666,0.7240121189504336
12,moments_select_logreg,45,0.7111111111111111,0.711111111111111,0.7101604278074867,0.6428695435311895
12,mean_pca_svm,45,0.6222222222222222,0.6222222222222222,0.6254938817632316,0.5304035540742196
12,mean_shrinkage_lda,45,0.7777777777777778,0.7777777777777777,0.7726050420168067,0.7271767202531291
12,moments_extra_trees,45,0.6222222222222222,0.6222222222222222,0.6225210084033613,0.5317312246220784
12,nested_selector,45,0.7777777777777778,0.7777777777777777,0.7776298589611284,0.7244616763479587
13,segment_probability_reference,45,0.6666666666666666,0.6666666666666666,0.6676470588235294,0.58587036508296
13,mean_logreg,45,0.6444444444444445,0.6444444444444445,0.6444444444444445,0.5586679359616591
13,meanstd_select_logreg,45,0.6888888888888889,0.6888888888888889,0.6910216718266253,0.6114886898379664
13,moments_select_logreg,45,0.5777777777777777,0.5777777777777777,0.5762091503267974,0.47309914446727014
13,mean_pca_svm,45,0.6666666666666666,0.6666666666666666,0.6672882071488883,0.5880715138443896
13,mean_shrinkage_lda,45,0.5777777777777777,0.5777777777777777,0.5777091706247717,0.4796827507856353
13,moments_extra_trees,45,0.6444444444444445,0.6444444444444445,0.6406015037593985,0.5590169943749475
13,nested_selector,45,0.6444444444444445,0.6444444444444445,0.6426470588235295,0.5579717762694857
14,segment_probability_reference,45,0.6666666666666666,0.6666666666666666,0.6499071207430341,0.5862355071346638
14,mean_logreg,45,0.6444444444444445,0.6444444444444444,0.6290350877192983,0.5593667078870224
14,meanstd_select_logreg,45,0.6666666666666666,0.6666666666666666,0.655680665859021,0.5906711479861625
14,moments_select_logreg,45,0.4444444444444444,0.4444444444444445,0.4314118629908103,0.3080374596327755
14,mean_pca_svm,45,0.4222222222222222,0.4222222222222222,0.3999392420445052,0.28379788074156237
14,mean_shrinkage_lda,45,0.5777777777777777,0.5777777777777777,0.5640935672514621,0.4742760098290629
14,moments_extra_trees,45,0.4444444444444444,0.4444444444444445,0.44376750700280115,0.30688447694821713
14,nested_selector,45,0.5111111111111111,0.5111111111111111,0.50296918767507,0.39155669552091565
15,segment_probability_reference,45,0.5777777777777777,0.5777777777777777,0.5774436090225563,0.4751644452187053
15,mean_logreg,45,0.5777777777777777,0.5777777777777778,0.5737009189640769,0.47546170170396906
15,meanstd_select_logreg,45,0.5333333333333333,0.5333333333333334,0.5373168214654283,0.4187396479533313
15,moments_select_logreg,45,0.5111111111111111,0.5111111111111111,0.511764705882353,0.3945305865654844
15,mean_pca_svm,45,0.6222222222222222,0.6222222222222221,0.6227614490772385,0.5340788352627358
15,mean_shrinkage_lda,45,0.6,0.6,0.6154061624649859,0.5037453706946006
15,moments_extra_trees,45,0.5777777777777777,0.5777777777777777,0.5736842105263158,0.4742760098290629
15,nested_selector,45,0.5333333333333333,0.5333333333333334,0.5207868155236576,0.42378968976300646
16,segment_probability_reference,45,0.7555555555555555,0.7555555555555555,0.7523529411764706,0.6974647203368571
16,mean_logreg,45,0.7333333333333333,0.7333333333333333,0.728154946189002,0.66998343672533
16,meanstd_select_logreg,45,0.6666666666666666,0.6666666666666666,0.6646646026831785,0.5862355071346638
16,moments_select_logreg,45,0.6444444444444445,0.6444444444444444,0.6477694235588972,0.5593667078870224
16,mean_pca_svm,45,0.5555555555555556,0.5555555555555556,0.5493400167084378,0.4474933663096179
16,mean_shrinkage_lda,45,0.6,0.6,0.5903482190324296,0.5046949386828399
16,moments_extra_trees,45,0.6666666666666666,0.6666666666666666,0.6617647058823529,0.58587036508296
16,nested_selector,45,0.7111111111111111,0.711111111111111,0.7090643274853801,0.6400753131027772
