subject,outer_fold,family,representation,inner_balanced_accuracy,selected_by_nested_selector,configuration
1,1,mean_logreg,mean,0.6999999999999998,0,"{""C"": 100.0}"
1,1,meanstd_select_logreg,meanstd,0.7444444444444445,0,"{""C"": 0.1, ""k"": 100}"
1,1,moments_select_logreg,moments,0.8111111111111112,1,"{""C"": 1.0, ""k"": 100}"
1,1,mean_pca_svm,mean,0.6333333333333333,0,"{""C"": 10.0, ""n_components"": 10}"
1,1,mean_shrinkage_lda,mean,0.6666666666666666,0,"{""shrinkage"": 0.9}"
1,1,moments_extra_trees,moments,0.6888888888888888,0,"{""max_features"": ""sqrt"", ""min_samples_leaf"": 1}"
1,2,mean_logreg,mean,0.7666666666666666,0,"{""C"": 0.1}"
1,2,meanstd_select_logreg,meanstd,0.8444444444444444,1,"{""C"": 0.1, ""k"": 200}"
1,2,moments_select_logreg,moments,0.8111111111111112,0,"{""C"": 0.1, ""k"": 200}"
1,2,mean_pca_svm,mean,0.5888888888888889,0,"{""C"": 1.0, ""n_components"": 10}"
1,2,mean_shrinkage_lda,mean,0.7999999999999999,0,"{""shrinkage"": 0.9}"
1,2,moments_extra_trees,moments,0.7000000000000001,0,"{""max_features"": ""sqrt"", ""min_samples_leaf"": 2}"
1,3,mean_logreg,mean,0.7333333333333334,1,"{""C"": 0.1}"
1,3,meanstd_select_logreg,meanstd,0.6555555555555556,0,"{""C"": 0.1, ""k"": 200}"
1,3,moments_select_logreg,moments,0.6222222222222222,0,"{""C"": 0.1, ""k"": 200}"
1,3,mean_pca_svm,mean,0.6666666666666666,0,"{""C"": 10.0, ""n_components"": 15}"
1,3,mean_shrinkage_lda,mean,0.6999999999999998,0,"{""shrinkage"": 0.9}"
1,3,moments_extra_trees,moments,0.6222222222222221,0,"{""max_features"": 0.3, ""min_samples_leaf"": 1}"
2,1,mean_logreg,mean,0.6222222222222222,0,"{""C"": 1.0}"
2,1,meanstd_select_logreg,meanstd,0.7222222222222222,1,"{""C"": 1.0, ""k"": 50}"
2,1,moments_select_logreg,moments,0.5555555555555556,0,"{""C"": 10.0, ""k"": 25}"
2,1,mean_pca_svm,mean,0.6333333333333333,0,"{""C"": 10.0, ""n_components"": 10}"
2,1,mean_shrinkage_lda,mean,0.6888888888888888,0,"{""shrinkage"": ""auto""}"
2,1,moments_extra_trees,moments,0.5222222222222221,0,"{""max_features"": ""sqrt"", ""min_samples_leaf"": 1}"
2,2,mean_logreg,mean,0.5555555555555555,0,"{""C"": 0.01}"
2,2,meanstd_select_logreg,meanstd,0.6222222222222221,1,"{""C"": 0.1, ""k"": 200}"
2,2,moments_select_logreg,moments,0.6222222222222222,0,"{""C"": 0.1, ""k"": 50}"
2,2,mean_pca_svm,mean,0.5111111111111111,0,"{""C"": 10.0, ""n_components"": 15}"
2,2,mean_shrinkage_lda,mean,0.6222222222222221,0,"{""shrinkage"": 0.9}"
2,2,moments_extra_trees,moments,0.5555555555555555,0,"{""max_features"": ""sqrt"", ""min_samples_leaf"": 2}"
2,3,mean_logreg,mean,0.5333333333333333,0,"{""C"": 0.01}"
2,3,meanstd_select_logreg,meanstd,0.5222222222222221,0,"{""C"": 1.0, ""k"": 100}"
2,3,moments_select_logreg,moments,0.4222222222222222,0,"{""C"": 10.0, ""k"": 50}"
2,3,mean_pca_svm,mean,0.39999999999999997,0,"{""C"": 10.0, ""n_components"": 5}"
2,3,mean_shrinkage_lda,mean,0.5777777777777778,1,"{""shrinkage"": 0.9}"
2,3,moments_extra_trees,moments,0.4444444444444445,0,"{""max_features"": 0.3, ""min_samples_leaf"": 1}"
3,1,mean_logreg,mean,0.5666666666666668,1,"{""C"": 1.0}"
3,1,meanstd_select_logreg,meanstd,0.5111111111111111,0,"{""C"": 1.0, ""k"": 200}"
3,1,moments_select_logreg,moments,0.5111111111111111,0,"{""C"": 10.0, ""k"": 100}"
3,1,mean_pca_svm,mean,0.3888888888888889,0,"{""C"": 1.0, ""n_components"": 5}"
3,1,mean_shrinkage_lda,mean,0.4666666666666666,0,"{""shrinkage"": 0.9}"
3,1,moments_extra_trees,moments,0.3111111111111111,0,"{""max_features"": 0.3, ""min_samples_leaf"": 2}"
3,2,mean_logreg,mean,0.5777777777777778,0,"{""C"": 1.0}"
3,2,meanstd_select_logreg,meanstd,0.7555555555555555,0,"{""C"": 1.0, ""k"": 25}"
3,2,moments_select_logreg,moments,0.7777777777777778,1,"{""C"": 1.0, ""k"": 25}"
3,2,mean_pca_svm,mean,0.5666666666666668,0,"{""C"": 1.0, ""n_components"": 5}"
3,2,mean_shrinkage_lda,mean,0.5888888888888889,0,"{""shrinkage"": 0.9}"
3,2,moments_extra_trees,moments,0.6666666666666666,0,"{""max_features"": ""sqrt"", ""min_samples_leaf"": 2}"
3,3,mean_logreg,mean,0.7222222222222222,1,"{""C"": 100.0}"
3,3,meanstd_select_logreg,meanstd,0.5777777777777777,0,"{""C"": 0.1, ""k"": 100}"
3,3,moments_select_logreg,moments,0.5222222222222223,0,"{""C"": 0.1, ""k"": 100}"
3,3,mean_pca_svm,mean,0.5777777777777778,0,"{""C"": 1.0, ""n_components"": 15}"
3,3,mean_shrinkage_lda,mean,0.6333333333333333,0,"{""shrinkage"": ""auto""}"
3,3,moments_extra_trees,moments,0.39999999999999997,0,"{""max_features"": 0.3, ""min_samples_leaf"": 2}"
4,1,mean_logreg,mean,0.7222222222222223,0,"{""C"": 0.01}"
4,1,meanstd_select_logreg,meanstd,0.7555555555555555,1,"{""C"": 0.1, ""k"": 200}"
4,1,moments_select_logreg,moments,0.6888888888888888,0,"{""C"": 1.0, ""k"": 100}"
4,1,mean_pca_svm,mean,0.7555555555555555,0,"{""C"": 1.0, ""n_components"": 10}"
4,1,mean_shrinkage_lda,mean,0.5888888888888889,0,"{""shrinkage"": 0.9}"
4,1,moments_extra_trees,moments,0.6888888888888888,0,"{""max_features"": 0.3, ""min_samples_leaf"": 2}"
4,2,mean_logreg,mean,0.6000000000000001,1,"{""C"": 0.01}"
4,2,meanstd_select_logreg,meanstd,0.4777777777777778,0,"{""C"": 0.1, ""k"": 50}"
4,2,moments_select_logreg,moments,0.5,0,"{""C"": 1.0, ""k"": 200}"
4,2,mean_pca_svm,mean,0.5666666666666668,0,"{""C"": 10.0, ""n_components"": 5}"
4,2,mean_shrinkage_lda,mean,0.5777777777777778,0,"{""shrinkage"": 0.9}"
4,2,moments_extra_trees,moments,0.48888888888888893,0,"{""max_features"": ""sqrt"", ""min_samples_leaf"": 1}"
4,3,mean_logreg,mean,0.6222222222222221,0,"{""C"": 1.0}"
4,3,meanstd_select_logreg,meanstd,0.6888888888888888,1,"{""C"": 1.0, ""k"": 50}"
4,3,moments_select_logreg,moments,0.5888888888888889,0,"{""C"": 1.0, ""k"": 25}"
4,3,mean_pca_svm,mean,0.5111111111111111,0,"{""C"": 10.0, ""n_components"": 15}"
4,3,mean_shrinkage_lda,mean,0.6,0,"{""shrinkage"": 0.9}"
4,3,moments_extra_trees,moments,0.5666666666666668,0,"{""max_features"": ""sqrt"", ""min_samples_leaf"": 2}"
5,1,mean_logreg,mean,0.4222222222222222,0,"{""C"": 0.01}"
5,1,meanstd_select_logreg,meanstd,0.4444444444444444,0,"{""C"": 0.1, ""k"": 50}"
5,1,moments_select_logreg,moments,0.4777777777777778,1,"{""C"": 0.1, ""k"": 100}"
5,1,mean_pca_svm,mean,0.4333333333333333,0,"{""C"": 1.0, ""n_components"": 5}"
5,1,mean_shrinkage_lda,mean,0.35555555555555557,0,"{""shrinkage"": 0.9}"
5,1,moments_extra_trees,moments,0.41111111111111104,0,"{""max_features"": 0.3, ""min_samples_leaf"": 2}"
5,2,mean_logreg,mean,0.5,0,"{""C"": 1.0}"
5,2,meanstd_select_logreg,meanstd,0.47777777777777786,0,"{""C"": 1.0, ""k"": 200}"
5,2,moments_select_logreg,moments,0.4444444444444444,0,"{""C"": 0.1, ""k"": 50}"
5,2,mean_pca_svm,mean,0.5111111111111112,1,"{""C"": 10.0, ""n_components"": 10}"
5,2,mean_shrinkage_lda,mean,0.37777777777777777,0,"{""shrinkage"": ""auto""}"
5,2,moments_extra_trees,moments,0.37777777777777777,0,"{""max_features"": ""sqrt"", ""min_samples_leaf"": 1}"
5,3,mean_logreg,mean,0.4888888888888889,0,"{""C"": 0.01}"
5,3,meanstd_select_logreg,meanstd,0.45555555555555555,0,"{""C"": 0.1, ""k"": 25}"
5,3,moments_select_logreg,moments,0.38888888888888884,0,"{""C"": 0.1, ""k"": 25}"
5,3,mean_pca_svm,mean,0.5555555555555556,1,"{""C"": 10.0, ""n_components"": 15}"
5,3,mean_shrinkage_lda,mean,0.5222222222222223,0,"{""shrinkage"": 0.9}"
5,3,moments_extra_trees,moments,0.2888888888888889,0,"{""max_features"": 0.3, ""min_samples_leaf"": 1}"
6,1,mean_logreg,mean,0.4222222222222222,0,"{""C"": 1.0}"
6,1,meanstd_select_logreg,meanstd,0.5,1,"{""C"": 0.1, ""k"": 25}"
6,1,moments_select_logreg,moments,0.43333333333333335,0,"{""C"": 10.0, ""k"": 50}"
6,1,mean_pca_svm,mean,0.45555555555555555,0,"{""C"": 10.0, ""n_components"": 15}"
6,1,mean_shrinkage_lda,mean,0.3888888888888889,0,"{""shrinkage"": ""auto""}"
6,1,moments_extra_trees,moments,0.5,0,"{""max_features"": ""sqrt"", ""min_samples_leaf"": 1}"
6,2,mean_logreg,mean,0.6666666666666666,1,"{""C"": 100.0}"
6,2,meanstd_select_logreg,meanstd,0.6222222222222222,0,"{""C"": 0.1, ""k"": 50}"
6,2,moments_select_logreg,moments,0.6222222222222222,0,"{""C"": 0.1, ""k"": 50}"
6,2,mean_pca_svm,mean,0.5555555555555556,0,"{""C"": 1.0, ""n_components"": 15}"
6,2,mean_shrinkage_lda,mean,0.6333333333333333,0,"{""shrinkage"": 0.5}"
6,2,moments_extra_trees,moments,0.6,0,"{""max_features"": 0.3, ""min_samples_leaf"": 2}"
6,3,mean_logreg,mean,0.7444444444444445,1,"{""C"": 100.0}"
6,3,meanstd_select_logreg,meanstd,0.45555555555555555,0,"{""C"": 10.0, ""k"": 50}"
6,3,moments_select_logreg,moments,0.46666666666666673,0,"{""C"": 10.0, ""k"": 25}"
6,3,mean_pca_svm,mean,0.5888888888888889,0,"{""C"": 10.0, ""n_components"": 10}"
6,3,mean_shrinkage_lda,mean,0.5777777777777778,0,"{""shrinkage"": ""auto""}"
6,3,moments_extra_trees,moments,0.3666666666666667,0,"{""max_features"": 0.3, ""min_samples_leaf"": 1}"
7,1,mean_logreg,mean,0.45555555555555555,0,"{""C"": 0.01}"
7,1,meanstd_select_logreg,meanstd,0.5888888888888889,0,"{""C"": 0.1, ""k"": 100}"
7,1,moments_select_logreg,moments,0.48888888888888893,0,"{""C"": 0.1, ""k"": 200}"
7,1,mean_pca_svm,mean,0.6666666666666666,1,"{""C"": 1.0, ""n_components"": 15}"
7,1,mean_shrinkage_lda,mean,0.5888888888888889,0,"{""shrinkage"": ""auto""}"
7,1,moments_extra_trees,moments,0.6222222222222222,0,"{""max_features"": 0.3, ""min_samples_leaf"": 1}"
7,2,mean_logreg,mean,0.39999999999999997,0,"{""C"": 0.01}"
7,2,meanstd_select_logreg,meanstd,0.48888888888888893,0,"{""C"": 1.0, ""k"": 100}"
7,2,moments_select_logreg,moments,0.5,1,"{""C"": 0.1, ""k"": 200}"
7,2,mean_pca_svm,mean,0.3666666666666667,0,"{""C"": 0.1, ""n_components"": 5}"
7,2,mean_shrinkage_lda,mean,0.43333333333333335,0,"{""shrinkage"": 0.5}"
7,2,moments_extra_trees,moments,0.4888888888888889,0,"{""max_features"": 0.3, ""min_samples_leaf"": 2}"
7,3,mean_logreg,mean,0.6444444444444445,1,"{""C"": 100.0}"
7,3,meanstd_select_logreg,meanstd,0.5333333333333333,0,"{""C"": 0.1, ""k"": 100}"
7,3,moments_select_logreg,moments,0.5666666666666668,0,"{""C"": 1.0, ""k"": 25}"
7,3,mean_pca_svm,mean,0.5,0,"{""C"": 10.0, ""n_components"": 5}"
7,3,mean_shrinkage_lda,mean,0.5111111111111111,0,"{""shrinkage"": 0.9}"
7,3,moments_extra_trees,moments,0.5111111111111111,0,"{""max_features"": 0.3, ""min_samples_leaf"": 2}"
8,1,mean_logreg,mean,0.5222222222222223,0,"{""C"": 100.0}"
8,1,meanstd_select_logreg,meanstd,0.5555555555555556,1,"{""C"": 0.1, ""k"": 25}"
8,1,moments_select_logreg,moments,0.5222222222222223,0,"{""C"": 0.1, ""k"": 50}"
8,1,mean_pca_svm,mean,0.39999999999999997,0,"{""C"": 1.0, ""n_components"": 10}"
8,1,mean_shrinkage_lda,mean,0.5444444444444444,0,"{""shrinkage"": 0.9}"
8,1,moments_extra_trees,moments,0.4222222222222222,0,"{""max_features"": 0.3, ""min_samples_leaf"": 2}"
8,2,mean_logreg,mean,0.8000000000000002,1,"{""C"": 0.1}"
8,2,meanstd_select_logreg,meanstd,0.7111111111111111,0,"{""C"": 0.1, ""k"": 50}"
8,2,moments_select_logreg,moments,0.7222222222222222,0,"{""C"": 0.1, ""k"": 100}"
8,2,mean_pca_svm,mean,0.5888888888888889,0,"{""C"": 1.0, ""n_components"": 10}"
8,2,mean_shrinkage_lda,mean,0.7666666666666666,0,"{""shrinkage"": 0.9}"
8,2,moments_extra_trees,moments,0.611111111111111,0,"{""max_features"": 0.3, ""min_samples_leaf"": 2}"
8,3,mean_logreg,mean,0.8111111111111112,1,"{""C"": 0.1}"
8,3,meanstd_select_logreg,meanstd,0.7333333333333333,0,"{""C"": 0.1, ""k"": 25}"
8,3,moments_select_logreg,moments,0.6444444444444445,0,"{""C"": 10.0, ""k"": 100}"
8,3,mean_pca_svm,mean,0.4666666666666666,0,"{""C"": 10.0, ""n_components"": 5}"
8,3,mean_shrinkage_lda,mean,0.5777777777777778,0,"{""shrinkage"": 0.9}"
8,3,moments_extra_trees,moments,0.5222222222222223,0,"{""max_features"": ""sqrt"", ""min_samples_leaf"": 2}"
9,1,mean_logreg,mean,0.8000000000000002,1,"{""C"": 0.1}"
9,1,meanstd_select_logreg,meanstd,0.7333333333333334,0,"{""C"": 10.0, ""k"": 50}"
9,1,moments_select_logreg,moments,0.7000000000000001,0,"{""C"": 10.0, ""k"": 50}"
9,1,mean_pca_svm,mean,0.688888888888889,0,"{""C"": 1.0, ""n_components"": 15}"
9,1,mean_shrinkage_lda,mean,0.7666666666666666,0,"{""shrinkage"": 0.9}"
9,1,moments_extra_trees,moments,0.5444444444444444,0,"{""max_features"": ""sqrt"", ""min_samples_leaf"": 2}"
9,2,mean_logreg,mean,0.7333333333333334,1,"{""C"": 100.0}"
9,2,meanstd_select_logreg,meanstd,0.7000000000000001,0,"{""C"": 1.0, ""k"": 200}"
9,2,moments_select_logreg,moments,0.6333333333333333,0,"{""C"": 0.1, ""k"": 25}"
9,2,mean_pca_svm,mean,0.6777777777777777,0,"{""C"": 10.0, ""n_components"": 15}"
9,2,mean_shrinkage_lda,mean,0.7000000000000001,0,"{""shrinkage"": ""auto""}"
9,2,moments_extra_trees,moments,0.6111111111111112,0,"{""max_features"": 0.3, ""min_samples_leaf"": 2}"
9,3,mean_logreg,mean,0.8000000000000002,1,"{""C"": 1.0}"
9,3,meanstd_select_logreg,meanstd,0.7999999999999999,0,"{""C"": 0.1, ""k"": 100}"
9,3,moments_select_logreg,moments,0.6,0,"{""C"": 0.1, ""k"": 100}"
9,3,mean_pca_svm,mean,0.7666666666666666,0,"{""C"": 10.0, ""n_components"": 15}"
9,3,mean_shrinkage_lda,mean,0.7777777777777777,0,"{""shrinkage"": 0.9}"
9,3,moments_extra_trees,moments,0.7222222222222222,0,"{""max_features"": 0.3, ""min_samples_leaf"": 2}"
10,1,mean_logreg,mean,0.3666666666666667,0,"{""C"": 0.1}"
10,1,meanstd_select_logreg,meanstd,0.39999999999999997,0,"{""C"": 0.1, ""k"": 200}"
10,1,moments_select_logreg,moments,0.3333333333333333,0,"{""C"": 0.1, ""k"": 200}"
10,1,mean_pca_svm,mean,0.43333333333333335,0,"{""C"": 10.0, ""n_components"": 15}"
10,1,mean_shrinkage_lda,mean,0.4666666666666666,1,"{""shrinkage"": 0.1}"
10,1,moments_extra_trees,moments,0.3,0,"{""max_features"": ""sqrt"", ""min_samples_leaf"": 1}"
10,2,mean_logreg,mean,0.41111111111111115,0,"{""C"": 0.01}"
10,2,meanstd_select_logreg,meanstd,0.41111111111111115,0,"{""C"": 0.1, ""k"": 50}"
10,2,moments_select_logreg,moments,0.4777777777777778,1,"{""C"": 0.1, ""k"": 100}"
10,2,mean_pca_svm,mean,0.35555555555555557,0,"{""C"": 1.0, ""n_components"": 5}"
10,2,mean_shrinkage_lda,mean,0.41111111111111115,0,"{""shrinkage"": ""auto""}"
10,2,moments_extra_trees,moments,0.41111111111111115,0,"{""max_features"": 0.3, ""min_samples_leaf"": 2}"
10,3,mean_logreg,mean,0.41111111111111115,0,"{""C"": 0.01}"
10,3,meanstd_select_logreg,meanstd,0.3333333333333333,0,"{""C"": 10.0, ""k"": 100}"
10,3,moments_select_logreg,moments,0.3333333333333333,0,"{""C"": 0.1, ""k"": 200}"
10,3,mean_pca_svm,mean,0.3444444444444444,0,"{""C"": 10.0, ""n_components"": 10}"
10,3,mean_shrinkage_lda,mean,0.4444444444444444,1,"{""shrinkage"": 0.9}"
10,3,moments_extra_trees,moments,0.3111111111111111,0,"{""max_features"": 0.3, ""min_samples_leaf"": 1}"
11,1,mean_logreg,mean,0.7333333333333334,1,"{""C"": 0.1}"
11,1,meanstd_select_logreg,meanstd,0.6999999999999998,0,"{""C"": 1.0, ""k"": 200}"
11,1,moments_select_logreg,moments,0.7333333333333334,0,"{""C"": 1.0, ""k"": 100}"
11,1,mean_pca_svm,mean,0.48888888888888893,0,"{""C"": 10.0, ""n_components"": 5}"
11,1,mean_shrinkage_lda,mean,0.7333333333333334,0,"{""shrinkage"": ""auto""}"
11,1,moments_extra_trees,moments,0.6444444444444444,0,"{""max_features"": 0.3, ""min_samples_leaf"": 1}"
11,2,mean_logreg,mean,0.5777777777777778,0,"{""C"": 100.0}"
11,2,meanstd_select_logreg,meanstd,0.6666666666666666,1,"{""C"": 1.0, ""k"": 25}"
11,2,moments_select_logreg,moments,0.6666666666666666,0,"{""C"": 10.0, ""k"": 50}"
11,2,mean_pca_svm,mean,0.5222222222222223,0,"{""C"": 1.0, ""n_components"": 5}"
11,2,mean_shrinkage_lda,mean,0.5777777777777777,0,"{""shrinkage"": 0.5}"
11,2,moments_extra_trees,moments,0.5888888888888888,0,"{""max_features"": 0.3, ""min_samples_leaf"": 2}"
11,3,mean_logreg,mean,0.6888888888888888,1,"{""C"": 100.0}"
11,3,meanstd_select_logreg,meanstd,0.6555555555555556,0,"{""C"": 10.0, ""k"": 200}"
11,3,moments_select_logreg,moments,0.6666666666666666,0,"{""C"": 1.0, ""k"": 100}"
11,3,mean_pca_svm,mean,0.45555555555555555,0,"{""C"": 10.0, ""n_components"": 15}"
11,3,mean_shrinkage_lda,mean,0.6888888888888888,0,"{""shrinkage"": 0.9}"
11,3,moments_extra_trees,moments,0.4444444444444444,0,"{""max_features"": ""sqrt"", ""min_samples_leaf"": 1}"
12,1,mean_logreg,mean,0.6222222222222222,1,"{""C"": 0.01}"
12,1,meanstd_select_logreg,meanstd,0.6222222222222221,0,"{""C"": 0.1, ""k"": 200}"
12,1,moments_select_logreg,moments,0.6222222222222222,0,"{""C"": 0.1, ""k"": 200}"
12,1,mean_pca_svm,mean,0.4444444444444444,0,"{""C"": 10.0, ""n_components"": 15}"
12,1,mean_shrinkage_lda,mean,0.611111111111111,0,"{""shrinkage"": 0.9}"
12,1,moments_extra_trees,moments,0.5333333333333333,0,"{""max_features"": ""sqrt"", ""min_samples_leaf"": 2}"
12,2,mean_logreg,mean,0.6555555555555556,1,"{""C"": 0.01}"
12,2,meanstd_select_logreg,meanstd,0.6555555555555556,0,"{""C"": 0.1, ""k"": 200}"
12,2,moments_select_logreg,moments,0.6555555555555556,0,"{""C"": 0.1, ""k"": 200}"
12,2,mean_pca_svm,mean,0.6444444444444444,0,"{""C"": 10.0, ""n_components"": 10}"
12,2,mean_shrinkage_lda,mean,0.5888888888888888,0,"{""shrinkage"": 0.9}"
12,2,moments_extra_trees,moments,0.5555555555555556,0,"{""max_features"": ""sqrt"", ""min_samples_leaf"": 1}"
12,3,mean_logreg,mean,0.7888888888888889,1,"{""C"": 0.01}"
12,3,meanstd_select_logreg,meanstd,0.5777777777777778,0,"{""C"": 10.0, ""k"": 200}"
12,3,moments_select_logreg,moments,0.5444444444444444,0,"{""C"": 0.1, ""k"": 200}"
12,3,mean_pca_svm,mean,0.5111111111111111,0,"{""C"": 1.0, ""n_components"": 10}"
12,3,mean_shrinkage_lda,mean,0.7444444444444445,0,"{""shrinkage"": 0.9}"
12,3,moments_extra_trees,moments,0.45555555555555555,0,"{""max_features"": ""sqrt"", ""min_samples_leaf"": 1}"
13,1,mean_logreg,mean,0.5444444444444444,0,"{""C"": 0.01}"
13,1,meanstd_select_logreg,meanstd,0.6111111111111112,1,"{""C"": 0.1, ""k"": 50}"
13,1,moments_select_logreg,moments,0.611111111111111,0,"{""C"": 10.0, ""k"": 50}"
13,1,mean_pca_svm,mean,0.5222222222222223,0,"{""C"": 1.0, ""n_components"": 5}"
13,1,mean_shrinkage_lda,mean,0.5444444444444444,0,"{""shrinkage"": 0.1}"
13,1,moments_extra_trees,moments,0.5111111111111111,0,"{""max_features"": 0.3, ""min_samples_leaf"": 2}"
13,2,mean_logreg,mean,0.7000000000000001,1,"{""C"": 10.0}"
13,2,meanstd_select_logreg,meanstd,0.5222222222222223,0,"{""C"": 10.0, ""k"": 100}"
13,2,moments_select_logreg,moments,0.4222222222222222,0,"{""C"": 1.0, ""k"": 50}"
13,2,mean_pca_svm,mean,0.5666666666666668,0,"{""C"": 10.0, ""n_components"": 5}"
13,2,mean_shrinkage_lda,mean,0.5555555555555556,0,"{""shrinkage"": 0.9}"
13,2,moments_extra_trees,moments,0.4000000000000001,0,"{""max_features"": 0.3, ""min_samples_leaf"": 1}"
13,3,mean_logreg,mean,0.7777777777777777,1,"{""C"": 1.0}"
13,3,meanstd_select_logreg,meanstd,0.7555555555555555,0,"{""C"": 0.1, ""k"": 100}"
13,3,moments_select_logreg,moments,0.7666666666666666,0,"{""C"": 1.0, ""k"": 200}"
13,3,mean_pca_svm,mean,0.6222222222222222,0,"{""C"": 1.0, ""n_components"": 10}"
13,3,mean_shrinkage_lda,mean,0.7222222222222223,0,"{""shrinkage"": 0.9}"
13,3,moments_extra_trees,moments,0.5666666666666667,0,"{""max_features"": 0.3, ""min_samples_leaf"": 1}"
14,1,mean_logreg,mean,0.3888888888888889,0,"{""C"": 0.01}"
14,1,meanstd_select_logreg,meanstd,0.4222222222222222,0,"{""C"": 1.0, ""k"": 25}"
14,1,moments_select_logreg,moments,0.43333333333333335,1,"{""C"": 1.0, ""k"": 25}"
14,1,mean_pca_svm,mean,0.3888888888888889,0,"{""C"": 10.0, ""n_components"": 15}"
14,1,mean_shrinkage_lda,mean,0.4222222222222222,0,"{""shrinkage"": 0.9}"
14,1,moments_extra_trees,moments,0.35555555555555557,0,"{""max_features"": 0.3, ""min_samples_leaf"": 1}"
14,2,mean_logreg,mean,0.5666666666666665,0,"{""C"": 0.01}"
14,2,meanstd_select_logreg,meanstd,0.5555555555555555,0,"{""C"": 0.1, ""k"": 200}"
14,2,moments_select_logreg,moments,0.4222222222222222,0,"{""C"": 0.1, ""k"": 200}"
14,2,mean_pca_svm,mean,0.6,1,"{""C"": 10.0, ""n_components"": 15}"
14,2,mean_shrinkage_lda,mean,0.5333333333333333,0,"{""shrinkage"": 0.9}"
14,2,moments_extra_trees,moments,0.3666666666666667,0,"{""max_features"": ""sqrt"", ""min_samples_leaf"": 1}"
14,3,mean_logreg,mean,0.6888888888888888,1,"{""C"": 0.1}"
14,3,meanstd_select_logreg,meanstd,0.5888888888888889,0,"{""C"": 0.1, ""k"": 200}"
14,3,moments_select_logreg,moments,0.4666666666666666,0,"{""C"": 0.1, ""k"": 50}"
14,3,mean_pca_svm,mean,0.3333333333333333,0,"{""C"": 1.0, ""n_components"": 10}"
14,3,mean_shrinkage_lda,mean,0.6888888888888888,0,"{""shrinkage"": 0.9}"
14,3,moments_extra_trees,moments,0.5444444444444444,0,"{""max_features"": 0.3, ""min_samples_leaf"": 2}"
15,1,mean_logreg,mean,0.611111111111111,1,"{""C"": 100.0}"
15,1,meanstd_select_logreg,meanstd,0.6111111111111112,0,"{""C"": 0.1, ""k"": 100}"
15,1,moments_select_logreg,moments,0.5777777777777778,0,"{""C"": 0.1, ""k"": 200}"
15,1,mean_pca_svm,mean,0.5222222222222223,0,"{""C"": 10.0, ""n_components"": 10}"
15,1,mean_shrinkage_lda,mean,0.5888888888888889,0,"{""shrinkage"": 0.1}"
15,1,moments_extra_trees,moments,0.45555555555555555,0,"{""max_features"": ""sqrt"", ""min_samples_leaf"": 2}"
15,2,mean_logreg,mean,0.4777777777777778,0,"{""C"": 0.1}"
15,2,meanstd_select_logreg,meanstd,0.4444444444444444,0,"{""C"": 0.1, ""k"": 200}"
15,2,moments_select_logreg,moments,0.48888888888888893,0,"{""C"": 1.0, ""k"": 200}"
15,2,mean_pca_svm,mean,0.4777777777777778,0,"{""C"": 10.0, ""n_components"": 10}"
15,2,mean_shrinkage_lda,mean,0.5444444444444444,0,"{""shrinkage"": 0.5}"
15,2,moments_extra_trees,moments,0.5777777777777777,1,"{""max_features"": 0.3, ""min_samples_leaf"": 2}"
15,3,mean_logreg,mean,0.48888888888888893,0,"{""C"": 0.1}"
15,3,meanstd_select_logreg,meanstd,0.5555555555555556,1,"{""C"": 0.1, ""k"": 200}"
15,3,moments_select_logreg,moments,0.3666666666666667,0,"{""C"": 1.0, ""k"": 25}"
15,3,mean_pca_svm,mean,0.4222222222222222,0,"{""C"": 10.0, ""n_components"": 10}"
15,3,mean_shrinkage_lda,mean,0.45555555555555555,0,"{""shrinkage"": 0.9}"
15,3,moments_extra_trees,moments,0.4444444444444445,0,"{""max_features"": 0.3, ""min_samples_leaf"": 1}"
16,1,mean_logreg,mean,0.5111111111111111,0,"{""C"": 0.01}"
16,1,meanstd_select_logreg,meanstd,0.5111111111111111,0,"{""C"": 10.0, ""k"": 200}"
16,1,moments_select_logreg,moments,0.43333333333333335,0,"{""C"": 0.1, ""k"": 200}"
16,1,mean_pca_svm,mean,0.4222222222222222,0,"{""C"": 1.0, ""n_components"": 5}"
16,1,mean_shrinkage_lda,mean,0.5666666666666668,1,"{""shrinkage"": 0.5}"
16,1,moments_extra_trees,moments,0.46666666666666673,0,"{""max_features"": ""sqrt"", ""min_samples_leaf"": 2}"
16,2,mean_logreg,mean,0.6111111111111112,1,"{""C"": 1.0}"
16,2,meanstd_select_logreg,meanstd,0.611111111111111,0,"{""C"": 10.0, ""k"": 200}"
16,2,moments_select_logreg,moments,0.5444444444444444,0,"{""C"": 0.1, ""k"": 200}"
16,2,mean_pca_svm,mean,0.48888888888888893,0,"{""C"": 1.0, ""n_components"": 15}"
16,2,mean_shrinkage_lda,mean,0.5888888888888889,0,"{""shrinkage"": 0.9}"
16,2,moments_extra_trees,moments,0.3888888888888889,0,"{""max_features"": ""sqrt"", ""min_samples_leaf"": 1}"
16,3,mean_logreg,mean,0.5666666666666665,1,"{""C"": 1.0}"
16,3,meanstd_select_logreg,meanstd,0.37777777777777777,0,"{""C"": 10.0, ""k"": 50}"
16,3,moments_select_logreg,moments,0.3111111111111111,0,"{""C"": 10.0, ""k"": 50}"
16,3,mean_pca_svm,mean,0.39999999999999997,0,"{""C"": 10.0, ""n_components"": 15}"
16,3,mean_shrinkage_lda,mean,0.45555555555555555,0,"{""shrinkage"": 0.1}"
16,3,moments_extra_trees,moments,0.3444444444444444,0,"{""max_features"": 0.3, ""min_samples_leaf"": 2}"
