electrode,folds_selected_of_48,pct_of_folds,participants_selecting_in_2_of_3_folds,pct_of_participants
T8,25,52.1,9,56.2
T7,23,47.9,8,50.0
FT8,21,43.8,6,37.5
FT7,19,39.6,7,43.8
C6,17,35.4,6,37.5
FC5,15,31.2,6,37.5
TP8,15,31.2,5,31.2
PO4,14,29.2,4,25.0
FC6,13,27.1,4,25.0
TP7,13,27.1,3,18.8
P6,12,25.0,2,12.5
F8,10,20.8,1,6.2
C5,10,20.8,2,12.5
P4,10,20.8,3,18.8
P8,10,20.8,2,12.5
POZ,10,20.8,3,18.8
PO6,10,20.8,4,25.0
O2,10,20.8,3,18.8
P7,9,18.8,3,18.8
P1,9,18.8,2,12.5
PO8,9,18.8,3,18.8
FC1,8,16.7,2,12.5
C4,8,16.7,1,6.2
CP5,8,16.7,3,18.8
PZ,8,16.7,1,6.2
PO3,8,16.7,3,18.8
FPZ,7,14.6,1,6.2
F7,7,14.6,2,12.5
P5,7,14.6,1,6.2
P2,7,14.6,3,18.8
PO7,7,14.6,1,6.2
PO5,7,14.6,2,12.5
FP1,6,12.5,1,6.2
AF3,6,12.5,1,6.2
AF4,6,12.5,1,6.2
FC3,6,12.5,0,0.0
C3,6,12.5,2,12.5
CP6,6,12.5,1,6.2
P3,6,12.5,2,12.5
FP2,5,10.4,1,6.2
F6,5,10.4,1,6.2
FC2,5,10.4,2,12.5
C2,5,10.4,2,12.5
OZ,5,10.4,1,6.2
F2,4,8.3,0,0.0
FC4,4,8.3,0,0.0
CP3,4,8.3,1,6.2
CP4,4,8.3,0,0.0
CB2,4,8.3,1,6.2
FZ,3,6.2,0,0.0
CZ,3,6.2,1,6.2
CP1,3,6.2,1,6.2
CB1,3,6.2,0,0.0
O1,3,6.2,0,0.0
F5,2,4.2,0,0.0
F3,2,4.2,0,0.0
F4,2,4.2,0,0.0
CP2,2,4.2,0,0.0
F1,1,2.1,0,0.0
FCZ,1,2.1,0,0.0
C1,1,2.1,0,0.0
CPZ,1,2.1,0,0.0
