participant,outer_fold,selected_electrodes
1,1,C6 CP5 P6 P8 PO7 PO5 PO6 PO8 O2 CB2
1,2,C5 C6 CP5 P7 P5 P3 P6 P8 PO5 PO8
1,3,C6 CP5 P3 P4 P6 P8 PO7 PO4 PO6 PO8
2,1,FP1 FPZ FP2 FZ FT8 T8 CP3 CP6 P4 P6
2,2,FP1 FPZ FP2 AF3 F1 FT7 FC5 FT8 T7 T8
2,3,FP1 FPZ FP2 AF4 FT7 FT8 C2 C4 T8 CP4
3,1,FT7 FC5 FC6 FT8 T7 C5 C3 C6 T8 TP8
3,2,FT7 FC5 FC3 FC4 FC6 T7 C5 C3 TP7 TP8
3,3,FT7 FC5 FC6 FT8 T7 C5 C6 T8 TP8 P8
4,1,F7 FC3 FC1 FC2 C3 C2 C4 CP3 CP1 O2
4,2,C3 C2 C4 TP7 CP3 CP2 P7 PO6 OZ O2
4,3,FT7 FC1 FC2 C4 CP4 P7 P1 PZ PO6 O2
5,1,FC5 FC1 CZ CPZ CP4 P1 PZ P2 P6 POZ
5,2,FPZ AF4 FZ F2 FC2 T7 T8 PZ P2 POZ
5,3,FC5 FC3 FC1 FC2 FC4 FT8 C3 C1 T8 PZ
6,1,F6 F8 FC1 FC4 FC6 FT8 PZ P2 PO4 PO6
6,2,C5 C4 C6 CP6 P4 P6 P8 PO4 PO6 PO8
6,3,P5 P3 P4 PO7 PO5 PO3 PO4 PO6 O1 O2
7,1,T7 T8 TP7 CP5 P7 PO7 PO5 PO3 POZ CB1
7,2,FT7 T7 T8 TP7 P3 P1 PO5 PO3 POZ PO4
7,3,F6 F8 FC6 FT8 T7 TP7 CP5 CP3 P4 PO4
8,1,FT7 FC5 FC6 FT8 T7 C6 T8 TP7 TP8 PO3
8,2,FT7 FC5 FT8 T7 C5 T8 TP7 CP5 TP8 P6
8,3,F8 FT7 FC6 FT8 T7 T8 P5 PO3 POZ PO4
9,1,FT7 FC3 T7 C4 C6 T8 CP6 TP8 P1 P8
9,2,FT7 TP7 TP8 P3 P1 PO4 PO6 PO8 O2 CB2
9,3,P3 P1 PO5 PO3 PO6 PO8 CB1 O1 O2 CB2
10,1,F6 F8 FC4 C2 C4 CP1 CP6 TP8 P7 P1
10,2,P7 P5 P8 PO7 PO5 CB1 O1 OZ O2 CB2
10,3,F2 F4 FCZ FC2 C2 CP1 CP2 CP4 CP6 P7
11,1,F7 F8 FT7 FC5 FT8 T7 CP6 P4 P6 PO8
11,2,F7 FT7 FC5 FC3 T7 C5 TP7 P5 P1 P2
11,3,FP1 FPZ FP2 AF3 AF4 F2 P1 P2 PO7 PO8
12,1,F8 FC6 FT8 T8 PO3 POZ PO4 PO8 OZ O2
12,2,FC6 FT8 C6 T8 P4 P6 PO4 PO6 OZ O2
12,3,FC6 FT8 C6 T8 P4 PO7 PO3 POZ PO4 OZ
13,1,FC6 FT8 C6 T8 TP8 P7 P5 PZ POZ PO4
13,2,FC1 T7 C4 C6 T8 TP7 TP8 P7 P5 P8
13,3,FP1 FPZ AF3 F8 FC6 FT8 T7 C6 T8 TP8
14,1,AF3 F7 F8 FT7 FC6 FT8 T7 T8 PZ POZ
14,2,FP1 FPZ FP2 AF3 AF4 F7 F5 F6 F8 FT8
14,3,AF3 F7 F3 F4 F6 F8 FT7 FT8 T7 TP8
15,1,F7 F5 FT7 FC5 T7 C5 CZ C6 T8 TP8
15,2,FC5 FC3 FC1 T7 C5 C3 T8 TP7 CP5 POZ
15,3,FT7 FC5 T7 C5 CZ C6 T8 TP7 CP5 TP8
16,1,F3 FT7 FC5 FC1 FT8 T7 C6 T8 P6 P8
16,2,AF4 FC5 C6 T8 TP8 P2 P4 P6 P8 PO4
16,3,AF4 FZ F2 T7 TP7 PZ P2 P4 P6 PO4
