subject,endpoint,method,n_items,accuracy,balanced_accuracy,macro_f1,mcc
1,segment,baseline_early,1823,0.7783872737246297,0.7939034372590663,0.7883538897333002,0.7288006614996784
1,trial,baseline_early,45,0.8,0.8,0.7973109243697479,0.7556180560419009
1,segment,tuned_early,1823,0.7860669226549644,0.8019835630423497,0.7936419216383636,0.7394878353766521
1,trial,tuned_early,45,0.8222222222222222,0.8222222222222222,0.81609243697479,0.7855752436756587
1,segment,tuned_late,1823,0.7937465715852989,0.8006809509420956,0.7987140530936603,0.7410475990114266
1,trial,tuned_late,45,0.8222222222222222,0.8222222222222222,0.820639834881321,0.7787397791074734
2,segment,baseline_early,1823,0.7992320351069665,0.7824970770633851,0.7840221659661722,0.7493271456975468
2,trial,baseline_early,45,0.7333333333333333,0.7333333333333333,0.7269281045751633,0.6704015231539909
2,segment,tuned_early,1823,0.7844212835984641,0.7719989960320717,0.7769585735786478,0.7300262054485259
2,trial,tuned_early,45,0.7333333333333333,0.7333333333333333,0.7331085065605188,0.66998343672533
2,segment,tuned_late,1823,0.7136588041689522,0.6972789871781212,0.6899703911697883,0.6404402696558457
2,trial,tuned_late,45,0.6444444444444445,0.6444444444444444,0.6267403803626713,0.5600681084232282
3,segment,baseline_early,1823,0.6220515633571037,0.6243653899202962,0.6214530074909301,0.5249156950303032
3,trial,baseline_early,45,0.5777777777777777,0.5777777777777777,0.5761111111111111,0.47457160101377543
3,segment,tuned_early,1823,0.6220515633571037,0.6229913215045134,0.6203804943635247,0.5249202828781644
3,trial,tuned_early,45,0.5333333333333333,0.5333333333333333,0.5330158730158729,0.42005108131742114
3,segment,tuned_late,1823,0.47723532638507954,0.4811601408561774,0.473452352876667,0.34311777702582036
3,trial,tuned_late,45,0.4666666666666667,0.4666666666666666,0.46748538011695906,0.3347830657616914
4,segment,baseline_early,1823,0.7844212835984641,0.7922637145177653,0.7866240038973583,0.731048764423367
4,trial,baseline_early,45,0.7777777777777778,0.7777777777777777,0.7764619883040935,0.7235633974205308
4,segment,tuned_early,1823,0.7712561711464618,0.7749434530798569,0.775174339589662,0.7135005641317773
4,trial,tuned_early,45,0.7333333333333333,0.7333333333333332,0.7349845201238391,0.6674912392349772
4,segment,tuned_late,1823,0.689522764673615,0.704187796352665,0.6945656335391888,0.6118581913298061
4,trial,tuned_late,45,0.6888888888888889,0.6888888888888888,0.684263845889233,0.6130060338328881
5,segment,baseline_early,1823,0.5660998354360943,0.5861987514797862,0.5914791224188314,0.45599571296014885
5,trial,baseline_early,45,0.5555555555555556,0.5555555555555556,0.5657464740282078,0.44582257006028225
5,segment,tuned_early,1823,0.5677454744925946,0.5850882255255352,0.5846120347153679,0.4576363722250728
5,trial,tuned_early,45,0.5777777777777777,0.5777777777777778,0.5784657722738218,0.472513987602065
5,segment,tuned_late,1823,0.5337356006582556,0.5610717859185573,0.5513077722018132,0.42013477808688415
5,trial,tuned_late,45,0.5555555555555556,0.5555555555555556,0.5571517027863777,0.445545919354113
6,segment,baseline_early,1823,0.6851343938562808,0.6938720439727056,0.6827331910388437,0.6120474497064561
6,trial,baseline_early,45,0.6888888888888889,0.6888888888888889,0.6854901960784313,0.6156887864045119
6,segment,tuned_early,1823,0.7114646187602852,0.715490035334265,0.7074863667521859,0.6420169768611502
6,trial,tuned_early,45,0.7111111111111111,0.711111111111111,0.7112418300653595,0.6400753131027772
6,segment,tuned_late,1823,0.5880416895227647,0.5833347177267425,0.5868275668679332,0.4853515770851157
6,trial,tuned_late,45,0.5555555555555556,0.5555555555555556,0.5598747313917591,0.44918308924879063
7,segment,baseline_early,1823,0.6407021393307735,0.6315181160462394,0.6356580135262749,0.5475257309166762
7,trial,baseline_early,45,0.6222222222222222,0.6222222222222221,0.6235145573380867,0.5313983724926713
7,segment,tuned_early,1823,0.6407021393307735,0.6311270016975363,0.634885548289844,0.5472327157456516
7,trial,tuned_early,45,0.6,0.6,0.5973707664884136,0.5034300370983201
7,segment,tuned_late,1823,0.605595172792101,0.6079884656009458,0.5926017638687522,0.506926169880869
7,trial,tuned_late,45,0.6,0.5999999999999999,0.5951914098972921,0.5021745986425371
8,segment,baseline_early,1823,0.7805814591332968,0.7938506034225714,0.7905191892606819,0.7260025739763047
8,trial,baseline_early,45,0.7777777777777778,0.7777777777777777,0.7801066391468868,0.7244616763479587
8,segment,tuned_early,1823,0.7652221612726275,0.7752459522597808,0.7757979658650827,0.7071973320451522
8,trial,tuned_early,45,0.7555555555555555,0.7555555555555554,0.7592522974101922,0.6983349199520739
8,segment,tuned_late,1823,0.7174986286341196,0.7231631754615047,0.7239396443803774,0.6457283725583827
8,trial,tuned_late,45,0.7111111111111111,0.711111111111111,0.7133333333333334,0.642067460195108
9,segment,baseline_early,1823,0.814042786615469,0.802670935463029,0.7977760671871439,0.7685551290200218
9,trial,baseline_early,45,0.7777777777777778,0.7777777777777778,0.7719887955182072,0.7276322021144231
9,segment,tuned_early,1823,0.8645090510148108,0.8509020326711569,0.8525042137616902,0.8327734321819269
9,trial,tuned_early,45,0.8222222222222222,0.8222222222222222,0.8192712842712844,0.7875615306482167
9,segment,tuned_late,1823,0.9078442128359846,0.8926504509327847,0.8928776217367702,0.8868313334858527
9,trial,tuned_late,45,0.8444444444444444,0.8444444444444444,0.8384608580274214,0.812098757213681
10,segment,baseline_early,1823,0.3653318705430609,0.39255026184140035,0.38360496519969534,0.20821765717185006
10,trial,baseline_early,45,0.37777777777777777,0.3777777777777778,0.3837522281639929,0.22459154462439532
10,segment,tuned_early,1823,0.3362589138782227,0.36494420008966083,0.3523466899332603,0.17400454770633753
10,trial,tuned_early,45,0.3333333333333333,0.33333333333333337,0.3395891690009337,0.1673915328808457
10,segment,tuned_late,1823,0.3598464070213933,0.3828842887378201,0.34501142098567955,0.2108898706145209
10,trial,tuned_late,45,0.3333333333333333,0.33333333333333337,0.30646464646464644,0.1686564742934955
11,segment,baseline_early,1823,0.7339550191991223,0.7406714210132945,0.7097378622065618,0.678977727814873
11,trial,baseline_early,45,0.7333333333333333,0.7333333333333333,0.7074333561175667,0.6806764747811278
11,segment,tuned_early,1823,0.7207899067471202,0.7278027883055197,0.7008704428741507,0.6585408694984864
11,trial,tuned_early,45,0.7333333333333333,0.7333333333333333,0.7078726227333039,0.6784969095478509
11,segment,tuned_late,1823,0.734503565551289,0.7229989543501324,0.6684702659983524,0.6799172944518714
11,trial,tuned_late,45,0.7333333333333333,0.7333333333333333,0.6849596788996438,0.6837634587578276
12,segment,baseline_early,1823,0.7690619857377948,0.757854164291708,0.7594484539041864,0.7139036122902893
12,trial,baseline_early,45,0.7333333333333333,0.7333333333333332,0.7276190476190475,0.6754803951696564
12,segment,tuned_early,1823,0.7921009325287987,0.78146151108977,0.7823956546340238,0.7416985246744363
12,trial,tuned_early,45,0.7555555555555555,0.7555555555555555,0.7457142857142856,0.7036254116350588
12,segment,tuned_late,1823,0.7240811848601206,0.7142331395049792,0.7125592797800031,0.6530613249583267
12,trial,tuned_late,45,0.6666666666666666,0.6666666666666666,0.6615273477812178,0.5862355071346638
13,segment,baseline_early,1823,0.7174986286341196,0.727188440557234,0.7193016839806864,0.6495910126985589
13,trial,baseline_early,45,0.6666666666666666,0.6666666666666666,0.6676470588235294,0.58587036508296
13,segment,tuned_early,1823,0.7202413603949533,0.7292892808933684,0.7221375606814792,0.6527919130410419
13,trial,tuned_early,45,0.6666666666666666,0.6666666666666666,0.6676470588235294,0.58587036508296
13,segment,tuned_late,1823,0.7070762479429512,0.7120712399649877,0.7130908569423112,0.6357400466546125
13,trial,tuned_late,45,0.6666666666666666,0.6666666666666665,0.6648472580051527,0.5925492803822554
14,segment,baseline_early,1823,0.6774547449259463,0.694176333431523,0.6620245064610706,0.6037986688700103
14,trial,baseline_early,45,0.6666666666666666,0.6666666666666666,0.6499071207430341,0.5862355071346638
14,segment,tuned_early,1823,0.6500274273176083,0.6524038104688494,0.6389134485476966,0.5633112030983715
14,trial,tuned_early,45,0.6,0.6,0.5892105263157894,0.5034300370983201
14,segment,tuned_late,1823,0.5836533187054306,0.608592231742716,0.5622631542532956,0.49571645342805515
14,trial,tuned_late,45,0.5555555555555556,0.5555555555555555,0.5333333333333333,0.45204233574720687
15,segment,baseline_early,1823,0.6297312122874383,0.6298584171895669,0.6244653514029299,0.5385464100381326
15,trial,baseline_early,45,0.5777777777777777,0.5777777777777777,0.5774436090225563,0.4751644452187053
15,segment,tuned_early,1823,0.6242457487657707,0.6216181069345479,0.6206006296859157,0.5320528507869984
15,trial,tuned_early,45,0.5555555555555556,0.5555555555555556,0.5568588137009189,0.4474933663096179
15,segment,tuned_late,1823,0.6291826659352715,0.6280582720335415,0.6324165730723322,0.5400742552080005
15,trial,tuned_late,45,0.5777777777777777,0.5777777777777778,0.5915334051240634,0.47816235789356015
16,segment,baseline_early,1823,0.7871640153592978,0.7868843441224393,0.7740326255707191,0.7375235179299331
16,trial,baseline_early,45,0.7555555555555555,0.7555555555555555,0.7523529411764706,0.6974647203368571
16,segment,tuned_early,1823,0.7877125617114646,0.7864309747637968,0.7766672225504438,0.7357762787121149
16,trial,tuned_early,45,0.7333333333333333,0.7333333333333333,0.7292380460956311,0.6687338550904234
16,segment,tuned_late,1823,0.7745474492594624,0.7749742394811279,0.7649748512350208,0.7193488428812601
16,trial,tuned_late,45,0.7333333333333333,0.7333333333333333,0.7294014447884416,0.6687338550904234
