subject,outer_fold,early_c,early_inner_balanced_accuracy,eeg_c,eeg_inner_balanced_accuracy,eye_c,eye_inner_balanced_accuracy,late_eeg_weight_alpha,late_inner_balanced_accuracy
1,1,100.0,0.65849901875732,100.0,0.7772654233180548,0.1,0.5555737929015934,0.7000000000000001,0.7930061640587956
1,2,100.0,0.8078335116264929,100.0,0.8484083722013535,1.0,0.49395452427462955,0.6000000000000001,0.8726233224045621
1,3,1.0,0.7713257575757576,0.1,0.764114093422917,100.0,0.49806273824582553,1.0,0.764114093422917
2,1,100.0,0.6294337606837607,0.01,0.5324645681443342,100.0,0.4252522572779096,0.8,0.5989828083232887
2,2,100.0,0.6034933475348618,1.0,0.5044374762934966,0.01,0.48730077884492856,0.5,0.5890339187852196
2,3,10.0,0.6087054034143685,100.0,0.5953252273749366,0.01,0.5403844218964302,0.4,0.6439570819418517
3,1,0.01,0.5311764856519307,10.0,0.562559613801976,1.0,0.5994444444444444,0.0,0.5994444444444444
3,2,1.0,0.5576836472686596,100.0,0.5527129915543433,0.01,0.28574002818017197,0.5,0.5553777554015911
3,3,100.0,0.7408977163175292,100.0,0.7482969808831698,0.01,0.45463613393064223,1.0,0.7482969808831698
4,1,10.0,0.7502668930325291,0.1,0.6400350822744028,10.0,0.715729044834308,0.5,0.7515609536662168
4,2,1.0,0.6037889594594387,100.0,0.6957025218965658,0.01,0.492782517438802,0.6000000000000001,0.6966560506997483
4,3,10.0,0.7452141397962038,1.0,0.724765443312109,0.01,0.58178180808581,0.5,0.7292368007454918
5,1,10.0,0.35649512693101815,0.01,0.45832156631903387,10.0,0.24522909912565086,1.0,0.45832156631903387
5,2,0.1,0.5789884701728785,10.0,0.664874237228798,0.01,0.4813805019001051,0.7000000000000001,0.664874237228798
5,3,0.1,0.5302566806079739,1.0,0.5475941544520486,0.01,0.35441610272427554,0.6000000000000001,0.5564949455666799
6,1,0.01,0.40730055940523463,0.1,0.3982867179776001,100.0,0.4866692053428468,0.0,0.4866692053428468
6,2,100.0,0.6758653315573486,1.0,0.506949949804821,0.01,0.635687625723859,0.30000000000000004,0.6887898466178489
6,3,100.0,0.6996696108157309,10.0,0.5515622508563686,1.0,0.5116456022488314,0.5,0.6667562850513414
7,1,1.0,0.49130737217864445,1.0,0.5604862155590205,0.01,0.5554102084983058,0.2,0.5769486700367673
7,2,1.0,0.3946004009147484,0.1,0.45769563840534544,100.0,0.46790391886929444,0.4,0.48879039344022823
7,3,100.0,0.7234877328584558,10.0,0.686921483304132,0.1,0.3186296836753907,0.9,0.6932759572471013
8,1,100.0,0.5451270923931023,100.0,0.5477225288179398,1.0,0.4366473792582167,0.7000000000000001,0.5533350644304754
8,2,0.01,0.7620204035660256,1.0,0.6913920979669976,0.01,0.48464039230229056,0.6000000000000001,0.7170369034751735
8,3,0.01,0.8429090169053035,0.01,0.6929878136336244,0.1,0.6931043759545424,0.7000000000000001,0.8011597062198227
9,1,0.1,0.8293045501980987,0.01,0.7629756575299202,0.01,0.5308418277312046,0.7000000000000001,0.8166793612336241
9,2,10.0,0.7482839654990837,1.0,0.6988545360696543,0.01,0.36348368952922067,0.6000000000000001,0.7051608423759607
9,3,1.0,0.8309698309286935,1.0,0.8125497950677415,100.0,0.3481172903672904,0.6000000000000001,0.8425017876641899
10,1,1.0,0.35927393647517486,100.0,0.36441534169626716,1.0,0.38215773620207116,0.5,0.4610440314863595
10,2,1.0,0.4104911421216593,100.0,0.45250025472174205,0.01,0.3286408214324133,1.0,0.45250025472174205
10,3,100.0,0.47839229577678943,0.01,0.36697213831986725,0.01,0.42818984403518895,0.2,0.4524310082763532
11,1,0.01,0.729757849085221,1.0,0.7087897068733814,0.01,0.38962635304564497,0.6000000000000001,0.7424353525190271
11,2,0.1,0.5535621909867033,1.0,0.5717076884685705,0.1,0.6534724387083233,0.30000000000000004,0.7048237900596747
11,3,1.0,0.7221062765414553,1.0,0.6415627282496542,0.1,0.4872283985040969,0.8,0.6493338642211576
12,1,0.01,0.4979445952965978,0.1,0.5488195171044014,0.01,0.5008438873870708,0.30000000000000004,0.5917738149136371
12,2,0.01,0.6315216030418708,0.01,0.6444493923348381,100.0,0.40626416003640564,0.7000000000000001,0.7052278020593837
12,3,1.0,0.8062055988636837,1.0,0.695189032301795,0.01,0.6356021794475243,0.4,0.7815747788588627
13,1,10.0,0.5710497370958869,0.01,0.5522044490310744,1.0,0.6742549279737059,0.4,0.7199956687144468
13,2,0.01,0.718168556084156,0.01,0.6971199062298856,0.01,0.4184621574739949,0.7000000000000001,0.7306258504177828
13,3,1.0,0.773535772843473,0.1,0.705078208354676,100.0,0.46517717717717716,0.6000000000000001,0.7512884152549825
14,1,1.0,0.413416477702192,100.0,0.40576242278520597,0.01,0.35646832265058864,0.4,0.4180711323568467
14,2,10.0,0.5391661774806286,10.0,0.5532700292017366,1.0,0.4259845198561483,0.7000000000000001,0.5750863487647273
14,3,0.1,0.7138820204852495,1.0,0.6636875760408052,0.01,0.533554925035007,0.5,0.7090209093741384
15,1,0.01,0.5955907217774107,0.1,0.5582108467504767,0.01,0.4281881128038069,0.4,0.6308796920663808
15,2,10.0,0.49947676117464185,0.01,0.5341221573945135,0.1,0.3832611680143488,0.9,0.5341221573945135
15,3,1.0,0.5478849184881476,1.0,0.5752041008780847,1.0,0.39480383740706654,0.6000000000000001,0.5856207675447513
16,1,10.0,0.5076944460712179,0.01,0.41730752854144315,1.0,0.5091201814058957,0.7000000000000001,0.5581118179171611
16,2,0.1,0.6528833056981828,0.1,0.675896754724425,0.1,0.5340858104031051,0.8,0.675896754724425
16,3,0.1,0.5849721712954407,0.01,0.567296494813324,0.1,0.6083616241267207,0.7000000000000001,0.6337391128784022
